Id,Predicted
0,4 2 3 5 7 6 1 0 9 8
1,5 9 4 0 3 2 7 6 1 8
2,4 2 6 8 3 0 9 7 1 5
3,1 6 3 0 2 5 4 9 8 7
4,0 6 7 2 4 1 5 3 8 9
5,0 7 2 3 4 6 1 5 8 9
6,0 1 2 4 3 6 8 7 5 9
7,0 1 2 4 3 6 8 7 5 9
8,9 4 7 8 6 2 3 5 0 1
9,1 0 2 7 4 3 5 6 9 8
10,4 3 2 0 7 8 6 9 5 1
11,8 0 2 4 6 3 1 5 9 7
12,4 2 6 5 7 3 0 1 8 9
13,0 1 2 4 5 7 3 6 9 8
14,2 1 4 3 6 0 5 7 9 8
15,0 5 1 7 6 4 2 9 3 8
16,1 2 4 0 3 7 6 8 5 9
17,2 4 0 3 6 9 1 7 5 8
18,4 2 6 3 9 0 7 5 8 1
19,2 6 4 5 8 7 1 3 0 9
20,0 3 1 4 2 5 9 7 6 8
21,1 0 5 2 4 6 3 7 9 8
22,0 1 6 2 4 3 8 9 7 5
23,1 0 7 2 5 6 3 4 9 8
24,9 0 3 2 4 8 6 5 7 1
25,0 1 3 2 6 4 5 9 7 8
26,0 1 5 4 7 6 3 8 2 9
27,0 2 1 3 6 5 4 7 8 9
28,1 2 4 3 6 0 7 9 5 8
29,0 6 1 2 3 8 4 5 9 7
30,0 7 4 6 1 5 2 3 8 9
31,0 1 7 3 2 4 6 8 5 9
32,4 7 3 8 6 1 2 9 0 5
33,4 5 0 3 1 2 7 6 8 9
34,5 0 2 3 7 9 1 6 8 4
35,0 1 2 4 8 3 6 5 7 9
36,6 2 8 4 9 5 3 1 7 0
37,1 0 4 2 9 8 3 7 6 5
38,7 0 6 4 1 2 9 8 3 5
39,0 4 1 2 5 3 6 8 9 7
40,0 3 2 6 1 8 4 9 5 7
41,2 3 0 5 1 8 4 9 6 7
42,1 0 2 4 7 3 6 8 9 5
43,0 3 2 1 4 7 5 6 8 9
44,1 2 4 0 3 6 9 7 8 5
45,1 2 0 4 6 9 3 5 8 7
46,0 2 1 4 6 5 3 8 9 7
47,2 4 3 8 6 1 0 9 5 7
48,1 0 2 6 3 4 7 8 9 5
49,9 2 7 8 5 4 3 6 0 1
50,1 2 0 4 6 7 3 9 8 5
51,2 5 4 1 0 3 7 6 8 9
52,0 2 4 3 1 6 5 8 7 9
53,2 4 5 7 6 3 0 1 9 8
54,0 4 7 3 2 5 9 1 6 8
55,7 2 5 3 6 0 4 8 1 9
56,0 5 1 4 6 2 7 3 9 8
57,1 0 3 6 8 2 7 4 9 5
58,4 0 8 2 7 3 1 6 5 9
59,0 2 6 4 8 3 1 9 5 7
60,0 2 1 4 6 5 3 7 8 9
61,0 1 6 2 3 4 5 7 8 9
62,2 5 7 3 4 6 0 8 9 1
63,2 0 1 7 5 4 6 3 8 9
64,0 6 3 2 4 1 7 9 5 8
65,5 2 7 4 6 0 3 8 1 9
66,0 1 4 3 2 8 6 9 5 7
67,6 3 8 4 2 0 1 5 9 7
68,0 2 6 4 1 8 7 3 9 5
69,0 1 5 2 4 6 7 3 8 9
70,2 4 6 3 9 8 7 0 5 1
71,9 0 4 2 3 7 8 1 5 6
72,4 2 6 3 7 0 5 9 1 8
73,4 2 6 0 5 3 8 7 9 1
74,4 0 2 3 5 7 1 6 8 9
75,3 5 4 7 0 2 6 1 8 9
76,2 1 4 0 6 8 7 3 9 5
77,0 1 2 6 4 3 8 9 7 5
78,4 8 3 6 2 0 7 5 1 9
79,4 2 5 3 9 6 7 8 0 1
80,0 4 1 6 3 2 7 8 9 5
81,2 4 3 1 6 7 0 8 9 5
82,1 0 3 6 2 8 9 7 4 5
83,1 0 2 4 7 3 6 5 9 8
84,0 3 1 4 6 2 7 8 5 9
85,7 2 1 5 0 4 6 8 3 9
86,9 4 3 0 8 7 6 2 5 1
87,7 2 0 1 4 3 5 6 9 8
88,6 2 1 8 0 3 4 7 5 9
89,8 5 9 0 2 1 7 6 4 3
90,5 7 4 6 2 9 0 3 8 1
91,2 3 4 6 0 7 9 1 5 8
92,4 2 6 3 0 8 5 7 9 1
93,3 4 9 0 2 7 1 6 8 5
94,0 1 2 5 6 3 4 7 8 9
95,2 1 4 7 0 3 9 6 5 8
96,0 1 2 6 3 4 5 7 8 9
97,0 5 2 7 1 3 6 4 8 9
98,4 3 6 1 2 7 5 0 8 9
99,4 2 5 7 6 3 8 1 0 9
100,4 2 3 5 6 7 1 0 8 9
101,7 5 0 4 9 3 1 6 8 2
102,3 4 2 0 6 1 7 9 5 8
103,1 2 0 8 5 4 7 3 9 6
104,0 2 1 4 3 5 6 7 8 9
105,2 1 0 5 3 4 7 6 9 8
106,7 4 1 5 2 3 0 6 9 8
107,0 1 4 2 6 9 8 7 3 5
108,7 4 1 3 6 2 0 9 5 8
109,0 1 7 5 6 3 2 4 8 9
110,0 4 3 5 2 7 6 8 9 1
111,4 2 9 6 8 3 1 0 7 5
112,0 4 2 1 3 6 9 7 5 8
113,0 1 2 4 6 3 9 8 7 5
114,3 4 2 6 8 7 0 1 9 5
115,7 0 5 1 4 2 3 6 9 8
116,0 2 4 5 7 1 3 6 8 9
117,2 4 0 6 8 3 1 7 5 9
118,0 1 4 3 2 7 6 9 8 5
119,3 2 6 8 4 1 0 5 9 7
120,0 2 1 6 4 3 5 7 8 9
121,9 6 2 3 8 4 0 1 7 5
122,0 7 8 4 3 6 2 1 9 5
123,9 8 4 5 7 6 3 2 0 1
124,3 4 0 2 1 6 8 5 7 9
125,0 1 2 3 8 6 5 4 9 7
126,4 2 8 3 6 0 5 1 9 7
127,0 2 3 7 4 6 1 8 5 9
128,1 0 6 2 3 8 7 4 9 5
129,9 6 8 0 3 4 2 7 1 5
130,0 1 3 2 4 6 5 9 7 8
131,0 3 9 1 8 6 2 5 4 7
132,0 3 4 2 8 1 7 6 9 5
133,0 1 2 8 6 3 4 7 5 9
134,2 0 4 1 7 5 6 3 8 9
135,2 0 7 3 6 1 5 4 9 8
136,3 4 2 9 1 7 0 6 8 5
137,0 1 4 8 2 6 9 3 7 5
138,5 7 6 2 0 4 9 3 1 8
139,4 7 2 0 9 6 3 1 5 8
140,7 5 4 2 1 0 3 9 6 8
141,3 2 6 4 5 8 7 0 1 9
142,0 1 3 6 2 4 7 9 8 5
143,0 5 2 3 4 1 8 7 6 9
144,0 2 3 1 4 8 7 9 6 5
145,0 5 1 4 6 2 7 3 9 8
146,7 1 4 5 9 0 6 2 8 3
147,0 1 2 3 6 7 4 5 9 8
148,2 1 7 4 6 0 9 8 3 5
149,5 7 8 9 1 4 3 6 2 0
150,2 8 3 6 1 4 5 0 9 7
151,0 1 4 6 2 8 3 5 7 9
152,4 2 1 9 0 7 3 6 5 8
153,0 4 2 1 3 6 9 7 8 5
154,2 4 3 6 0 5 9 1 7 8
155,4 2 3 7 5 0 6 9 8 1
156,1 3 0 4 2 6 5 8 9 7
157,0 2 5 1 7 6 4 3 8 9
158,2 7 9 8 3 0 6 4 5 1
159,9 0 7 4 8 2 3 5 1 6
160,4 3 1 2 6 9 5 7 8 0
161,0 1 7 2 6 4 3 9 5 8
162,1 0 2 3 4 6 8 7 9 5
163,0 1 2 6 7 3 9 8 4 5
164,2 5 0 7 4 3 6 1 8 9
165,7 4 6 2 1 0 5 8 3 9
166,0 6 2 4 3 9 1 8 5 7
167,1 0 2 9 5 7 3 4 6 8
168,7 1 3 6 4 0 2 8 9 5
169,4 0 3 1 2 9 7 6 8 5
170,0 2 3 1 9 8 4 5 6 7
171,3 5 2 0 6 1 4 8 9 7
172,0 1 2 4 6 3 5 7 8 9
173,7 0 3 1 5 4 6 9 2 8
174,7 0 1 9 5 3 2 4 6 8
175,1 0 2 6 3 8 4 7 5 9
176,2 5 4 6 7 8 9 3 0 1
177,2 4 7 6 0 9 1 3 5 8
178,0 3 4 2 6 8 1 7 5 9
179,7 3 1 5 2 4 6 0 8 9
180,1 3 4 9 0 6 8 2 7 5
181,1 0 6 3 2 4 8 5 7 9
182,1 6 2 7 3 5 4 9 0 8
183,6 2 5 3 0 4 1 8 7 9
184,1 0 6 2 3 7 4 9 5 8
185,2 3 4 0 5 9 8 7 1 6
186,2 4 6 3 5 7 1 0 9 8
187,0 1 2 6 3 4 9 7 5 8
188,2 4 0 3 5 1 7 6 8 9
189,5 2 8 6 3 7 4 1 9 0
190,0 7 2 1 9 4 3 6 5 8
191,2 1 5 4 8 3 0 6 7 9
192,0 2 1 3 4 9 7 8 6 5
193,2 9 7 5 4 3 8 6 0 1
194,2 6 4 5 3 0 7 9 1 8
195,1 0 2 4 6 9 3 8 7 5
196,0 2 4 6 8 9 1 3 7 5
197,0 1 6 4 2 7 8 3 9 5
198,2 1 4 0 3 9 7 8 5 6
199,7 2 3 6 5 8 0 4 1 9
200,2 1 3 4 0 6 9 7 8 5
201,0 1 2 6 5 7 3 4 9 8
202,2 4 0 5 1 3 7 9 8 6
203,2 6 4 3 1 9 8 5 0 7
204,0 4 5 2 8 6 7 3 9 1
205,4 2 3 6 8 9 0 7 5 1
206,5 2 7 0 6 1 9 3 8 4
207,3 1 4 2 6 0 8 7 5 9
208,0 1 2 6 8 3 4 5 7 9
209,1 0 2 3 4 8 6 9 7 5
210,5 9 4 8 7 2 3 0 6 1
211,0 8 2 3 1 4 5 6 7 9
212,0 6 4 3 2 7 1 8 9 5
213,4 2 5 9 0 7 6 3 8 1
214,0 1 4 9 6 3 7 2 8 5
215,9 0 3 4 2 7 5 8 6 1
216,0 2 1 4 7 5 6 3 8 9
217,0 1 5 6 7 2 3 4 8 9
218,0 1 3 2 6 4 7 9 8 5
219,0 4 3 1 2 8 9 5 7 6
220,2 1 0 8 6 4 3 7 9 5
221,0 3 2 6 4 7 1 5 8 9
222,5 2 7 4 3 9 1 8 6 0
223,2 6 4 5 7 3 1 0 9 8
224,2 0 4 3 7 5 6 1 8 9
225,0 1 6 2 4 3 5 8 7 9
226,0 2 5 3 8 1 4 6 7 9
227,2 4 0 6 3 8 7 9 5 1
228,2 4 1 3 5 0 6 9 7 8
229,2 0 1 4 6 5 3 7 8 9
230,2 6 3 0 1 4 5 8 9 7
231,0 9 7 4 8 3 1 6 5 2
232,2 3 4 1 0 6 5 8 7 9
233,9 4 2 7 0 8 3 6 5 1
234,1 9 0 3 2 5 4 6 7 8
235,9 7 0 2 3 4 6 8 5 1
236,5 2 6 4 7 3 9 0 8 1
237,9 6 8 0 3 4 2 7 1 5
238,4 9 3 7 0 5 1 2 6 8
239,4 0 1 2 6 3 9 8 5 7
240,0 6 2 1 3 7 5 8 4 9
241,2 1 3 0 7 5 8 4 9 6
242,0 4 1 2 6 3 7 9 8 5
243,1 3 2 0 9 4 6 7 8 5
244,0 1 2 5 6 4 7 3 9 8
245,0 1 6 4 3 2 7 5 9 8
246,5 3 2 4 0 6 7 1 9 8
247,0 2 6 5 1 4 8 3 7 9
248,4 2 1 5 0 7 6 9 3 8
249,1 0 2 3 8 6 4 7 9 5
250,0 1 6 5 2 7 4 8 3 9
251,2 0 3 6 4 1 7 5 9 8
252,0 1 8 4 6 3 2 7 5 9
253,2 4 1 6 0 3 7 8 9 5
254,2 3 0 8 4 6 5 1 9 7
255,0 1 2 6 4 8 3 5 7 9
256,0 2 6 1 7 4 5 3 8 9
257,0 1 6 2 7 5 4 3 9 8
258,1 2 0 6 3 7 5 4 8 9
259,7 0 2 6 9 4 8 1 3 5
260,0 4 6 2 8 9 7 1 3 5
261,2 4 1 6 0 5 3 7 8 9
262,2 7 4 3 6 8 9 0 5 1
263,0 1 4 3 2 7 6 9 8 5
264,5 2 0 1 4 6 8 7 3 9
265,0 1 2 5 4 7 6 8 3 9
266,7 1 2 3 0 4 8 9 5 6
267,0 3 4 6 7 2 8 1 9 5
268,2 4 3 1 6 8 0 9 7 5
269,0 7 4 1 2 5 3 6 9 8
270,1 0 2 3 4 6 9 5 8 7
271,2 3 0 7 6 8 1 4 9 5
272,3 0 2 1 4 6 8 5 9 7
273,0 1 2 8 4 3 6 9 7 5
274,0 5 2 1 3 7 4 6 9 8
275,4 2 3 7 9 0 8 5 1 6
276,3 4 2 8 5 6 0 9 1 7
277,3 1 0 6 4 2 5 8 9 7
278,0 1 4 9 6 3 7 2 8 5
279,7 1 0 5 4 2 3 6 9 8
280,2 1 5 3 0 4 7 6 9 8
281,2 1 4 0 3 7 6 9 8 5
282,2 0 4 1 6 7 8 3 9 5
283,3 4 8 2 1 0 6 7 9 5
284,8 1 0 3 2 6 4 5 9 7
285,0 3 1 7 2 4 9 8 6 5
286,2 0 3 1 9 8 6 4 7 5
287,1 2 3 0 6 7 4 5 8 9
288,0 2 1 4 5 9 6 3 8 7
289,0 1 4 3 2 8 6 5 7 9
290,7 2 4 5 9 1 0 3 6 8
291,0 5 7 3 4 2 8 1 6 9
292,7 0 1 5 4 2 6 3 8 9
293,1 0 2 4 3 6 9 7 8 5
294,7 2 4 1 6 3 8 0 5 9
295,2 4 5 0 1 3 6 7 9 8
296,0 1 7 2 4 3 6 8 5 9
297,0 2 1 7 4 6 8 3 5 9
298,0 1 6 2 4 5 3 8 7 9
299,4 0 2 5 1 6 9 3 7 8
300,2 7 5 4 6 1 9 0 3 8
301,4 2 8 3 6 9 7 5 0 1
302,3 4 0 2 6 5 1 8 9 7
303,0 1 2 7 3 4 6 9 8 5
304,2 3 4 1 7 6 0 9 8 5
305,1 0 4 2 3 6 9 8 7 5
306,0 1 3 2 6 4 8 5 7 9
307,3 4 0 2 6 8 5 1 9 7
308,0 1 6 2 3 4 5 7 8 9
309,1 2 0 3 4 7 9 6 8 5
310,2 3 0 4 1 7 6 9 5 8
311,7 9 5 0 4 6 2 8 1 3
312,0 2 1 3 5 6 4 8 7 9
313,1 0 6 2 3 8 4 5 7 9
314,0 6 4 8 3 2 9 1 5 7
315,1 0 6 2 3 7 4 9 5 8
316,2 6 0 7 5 3 4 9 8 1
317,2 4 6 7 3 5 0 9 8 1
318,4 7 3 6 5 2 1 9 8 0
319,5 0 9 2 7 3 4 6 8 1
320,1 0 4 6 3 2 7 5 9 8
321,0 1 6 3 4 2 8 9 7 5
322,4 2 5 8 6 7 3 1 0 9
323,0 1 2 3 4 5 6 7 8 9
324,4 8 2 9 3 7 0 5 1 6
325,1 6 0 2 3 4 7 8 5 9
326,0 2 1 5 3 4 6 7 9 8
327,0 1 9 2 4 8 3 7 6 5
328,1 0 7 2 4 6 3 8 5 9
329,7 9 5 2 6 0 8 1 3 4
330,9 4 2 8 0 7 3 6 5 1
331,2 4 3 5 7 1 0 6 8 9
332,6 4 0 8 2 1 9 7 3 5
333,0 4 1 3 2 6 9 8 7 5
334,0 7 1 3 6 2 4 5 9 8
335,0 2 3 8 1 4 5 6 7 9
336,5 2 7 1 0 3 6 4 8 9
337,2 1 3 6 4 0 8 7 5 9
338,9 4 2 1 3 6 8 7 0 5
339,0 1 7 3 2 8 6 4 9 5
340,2 4 8 1 6 0 7 3 5 9
341,2 4 6 1 0 7 3 8 9 5
342,1 3 0 2 9 6 4 8 7 5
343,0 2 1 4 3 6 7 9 8 5
344,0 1 8 2 6 3 4 7 9 5
345,2 1 3 4 6 0 9 8 7 5
346,7 0 2 4 6 9 5 8 3 1
347,2 4 7 6 9 3 5 1 0 8
348,0 2 3 4 6 1 9 7 8 5
349,2 1 0 4 6 9 3 7 8 5
350,0 1 8 2 5 9 6 3 7 4
351,0 3 4 2 5 1 7 6 8 9
352,0 1 6 2 3 7 4 8 5 9
353,0 5 7 1 6 4 2 3 9 8
354,3 4 8 5 2 9 7 0 1 6
355,0 5 2 4 7 8 1 6 3 9
356,2 4 6 8 3 7 0 9 5 1
357,3 5 4 2 7 1 0 9 6 8
358,2 4 0 1 3 7 5 6 8 9
359,9 7 2 5 3 0 1 8 4 6
360,4 0 7 2 3 8 5 1 6 9
361,0 3 1 6 4 2 7 8 5 9
362,1 2 0 3 6 9 4 7 5 8
363,2 5 4 6 7 3 9 0 1 8
364,1 3 2 4 0 7 6 5 9 8
365,7 4 2 6 0 1 3 5 8 9
366,0 1 2 6 4 3 7 5 8 9
367,0 2 4 3 5 6 1 8 9 7
368,2 1 7 3 0 8 9 4 6 5
369,2 4 5 6 0 1 7 3 9 8
370,7 0 2 1 4 3 6 8 5 9
371,2 4 7 6 3 5 0 1 8 9
372,0 2 4 1 3 9 6 5 8 7
373,0 2 4 5 1 7 6 3 8 9
374,1 0 7 6 4 2 3 8 9 5
375,5 7 2 4 1 9 0 8 6 3
376,2 0 4 8 6 3 7 1 9 5
377,1 0 2 3 6 7 4 9 8 5
378,4 0 2 3 8 5 7 6 1 9
379,8 0 3 6 9 4 2 5 1 7
380,5 2 3 4 8 6 0 1 9 7
381,0 7 2 1 6 4 3 8 9 5
382,9 2 7 5 4 6 0 3 1 8
383,5 9 4 3 2 7 6 8 0 1
384,1 0 3 2 6 4 8 5 9 7
385,0 9 4 1 8 3 5 2 7 6
386,4 7 2 3 9 5 6 8 0 1
387,2 0 4 9 6 1 8 7 3 5
388,3 2 4 7 9 6 1 5 0 8
389,2 3 6 0 1 4 5 8 7 9
390,2 6 8 4 0 7 1 3 5 9
391,9 2 6 7 3 4 0 1 5 8
392,0 1 3 2 9 7 6 5 4 8
393,5 4 7 6 2 1 3 0 9 8
394,2 6 0 4 3 1 7 8 9 5
395,0 1 2 6 4 7 3 8 9 5
396,0 2 8 6 1 7 5 3 9 4
397,7 2 1 4 5 3 0 6 8 9
398,3 0 6 4 2 5 1 7 8 9
399,1 0 4 2 3 7 6 9 8 5
400,1 0 2 6 3 4 9 7 8 5
401,7 9 5 4 8 6 3 2 0 1
402,0 1 2 6 4 5 3 8 7 9
403,2 1 0 4 3 9 8 7 5 6
404,0 4 1 2 6 3 8 9 5 7
405,2 6 7 5 3 1 0 4 9 8
406,0 9 4 2 5 8 3 1 6 7
407,4 3 5 7 9 2 8 6 0 1
408,2 0 4 5 1 7 3 6 8 9
409,0 4 2 7 5 3 9 8 1 6
410,0 1 2 6 3 7 5 8 4 9
411,3 2 0 1 7 6 5 4 8 9
412,0 1 3 2 6 4 8 5 7 9
413,0 6 4 2 3 1 7 8 5 9
414,2 4 6 5 7 3 1 8 0 9
415,3 2 5 7 9 6 0 1 8 4
416,1 3 4 2 5 7 0 6 8 9
417,0 5 8 3 2 1 6 4 9 7
418,2 4 0 1 3 7 5 6 8 9
419,0 2 7 4 6 3 5 8 1 9
420,0 1 6 9 3 4 2 8 7 5
421,0 4 3 1 2 8 6 9 7 5
422,1 0 4 3 2 7 6 5 8 9
423,0 2 4 1 7 6 8 3 5 9
424,0 2 1 4 3 6 5 9 7 8
425,2 4 1 6 0 3 8 9 7 5
426,0 6 4 2 1 3 8 7 5 9
427,3 4 9 7 2 5 8 1 6 0
428,7 1 3 6 4 0 2 5 9 8
429,0 3 6 4 1 5 2 7 9 8
430,1 4 2 0 3 9 6 8 7 5
431,2 0 4 5 1 6 3 9 8 7
432,0 1 5 2 6 7 4 3 9 8
433,0 2 1 4 6 7 3 9 5 8
434,0 3 6 2 5 1 4 7 8 9
435,0 4 2 7 6 3 1 5 8 9
436,2 4 3 9 6 1 7 0 8 5
437,4 0 2 1 6 3 5 7 9 8
438,2 5 7 1 0 3 6 4 8 9
439,0 1 3 6 7 2 4 8 5 9
440,0 2 3 4 6 8 1 5 9 7
441,0 4 2 1 5 6 9 7 3 8
442,1 0 3 4 6 2 8 9 7 5
443,0 3 1 2 6 9 8 4 5 7
444,0 5 1 2 7 3 4 6 9 8
445,1 2 5 0 6 3 4 7 9 8
446,0 4 2 6 1 3 9 8 5 7
447,4 5 0 2 3 7 8 1 6 9
448,7 2 9 6 4 5 8 3 1 0
449,5 7 2 3 0 4 1 9 6 8
450,0 1 2 3 4 8 6 9 7 5
451,0 6 2 7 1 4 3 5 8 9
452,2 3 1 0 4 6 7 9 8 5
453,2 3 4 9 8 7 6 0 1 5
454,2 4 3 6 9 8 0 1 7 5
455,1 0 3 2 4 6 5 8 7 9
456,2 7 4 6 3 0 8 5 1 9
457,2 1 4 0 6 8 7 3 9 5
458,1 0 4 2 9 6 3 8 7 5
459,1 2 0 3 4 6 7 9 8 5
460,0 1 2 6 5 3 4 7 9 8
461,0 1 2 3 4 5 6 7 8 9
462,0 6 4 1 2 3 7 8 9 5
463,6 2 3 0 7 4 5 8 1 9
464,2 0 5 1 4 3 6 7 9 8
465,5 9 3 4 0 6 2 8 7 1
466,3 0 5 1 7 2 6 8 4 9
467,2 5 9 7 4 8 0 6 3 1
468,1 0 2 4 6 8 3 7 9 5
469,0 1 4 5 9 7 3 2 6 8
470,2 7 5 4 8 3 1 6 0 9
471,0 1 5 2 4 6 7 3 8 9
472,0 2 5 4 7 1 6 8 3 9
473,3 7 2 4 5 8 0 6 9 1
474,7 4 2 3 5 9 1 8 0 6
475,0 5 7 3 1 4 2 9 6 8
476,2 3 7 4 1 5 0 6 9 8
477,4 2 8 3 6 9 7 5 0 1
478,0 4 2 7 5 1 6 3 9 8
479,0 1 3 2 6 4 5 8 7 9
480,4 2 3 6 8 1 7 5 9 0
481,4 3 0 7 1 2 6 9 8 5
482,1 0 4 2 3 8 6 9 7 5
483,2 0 5 4 1 6 3 7 9 8
484,0 1 4 2 3 6 7 9 5 8
485,1 0 7 2 5 6 3 4 9 8
486,0 1 5 2 3 4 6 7 9 8
487,3 2 4 1 0 6 7 5 8 9
488,1 0 2 3 4 5 6 7 9 8
489,0 1 4 3 9 6 2 8 7 5
490,1 2 0 8 6 4 3 7 9 5
491,2 4 8 6 3 0 5 1 7 9
492,0 1 8 2 3 4 7 6 9 5
493,0 7 2 1 9 4 3 6 5 8
494,0 2 3 4 1 8 6 5 9 7
495,4 7 3 1 0 2 6 8 9 5
496,1 0 4 3 6 8 2 7 9 5
497,7 5 2 4 9 1 6 3 8 0
498,0 5 3 2 6 8 7 4 9 1
499,0 2 1 7 4 6 5 3 8 9
500,2 1 9 3 0 4 6 7 8 5
501,7 5 9 4 8 2 6 0 3 1
502,1 0 4 2 3 6 9 8 7 5
503,2 7 0 4 5 6 3 9 1 8
504,6 0 7 2 5 4 1 3 9 8
505,7 2 5 9 1 0 8 6 3 4
506,0 1 2 6 3 7 4 9 8 5
507,0 2 5 1 4 6 7 3 8 9
508,1 0 3 4 6 8 2 7 5 9
509,2 7 4 8 9 5 3 0 6 1
510,4 2 5 6 3 0 9 1 7 8
511,7 5 9 4 3 0 6 2 1 8
512,2 0 1 4 6 5 7 9 8 3
513,0 1 7 2 4 6 3 5 9 8
514,1 0 3 6 8 2 4 5 9 7
515,0 1 3 4 2 8 7 6 9 5
516,2 4 5 0 7 3 6 1 9 8
517,0 2 3 1 8 4 6 5 7 9
518,4 2 3 0 5 6 8 7 1 9
519,0 6 4 8 3 2 9 1 5 7
520,6 0 2 3 5 4 7 1 8 9
521,0 2 7 1 4 5 6 3 8 9
522,2 1 0 5 3 4 7 6 9 8
523,4 2 6 5 3 8 7 0 9 1
524,2 0 1 4 9 3 7 5 6 8
525,2 3 4 0 1 6 5 7 8 9
526,0 1 6 2 7 3 5 4 9 8
527,5 4 7 3 0 9 2 8 1 6
528,0 4 2 6 3 8 1 9 7 5
529,0 5 7 3 1 4 2 9 6 8
530,1 0 3 2 4 6 8 9 7 5
531,0 1 6 9 3 4 2 8 7 5
532,0 1 2 3 6 7 5 4 9 8
533,7 2 9 4 5 6 3 1 0 8
534,0 2 1 6 7 3 8 4 9 5
535,2 3 6 0 7 1 4 5 8 9
536,0 6 2 7 1 3 4 9 8 5
537,0 2 4 5 1 8 3 6 7 9
538,0 1 7 6 2 4 3 8 9 5
539,5 7 0 3 1 2 8 9 6 4
540,0 1 4 2 3 7 6 5 8 9
541,0 3 2 1 4 7 5 6 8 9
542,0 1 4 2 6 3 5 8 9 7
543,1 0 2 7 4 6 3 9 5 8
544,0 4 1 2 3 6 7 8 9 5
545,0 9 5 4 6 2 3 7 8 1
546,2 0 3 4 1 6 9 7 8 5
547,0 4 6 9 5 2 3 7 8 1
548,0 5 4 1 2 3 7 6 9 8
549,0 4 2 5 1 6 3 7 9 8
550,2 6 5 4 9 3 1 0 7 8
551,7 4 2 5 3 0 1 8 6 9
552,1 0 6 3 2 8 4 7 9 5
553,0 7 1 6 4 2 5 3 8 9
554,4 0 2 1 6 3 5 7 9 8
555,3 2 4 6 8 0 1 5 7 9
556,0 4 2 1 7 3 8 5 6 9
557,5 2 4 7 9 0 3 6 8 1
558,0 1 2 5 6 4 3 8 7 9
559,2 6 4 5 3 8 0 1 9 7
560,0 5 7 6 3 1 2 4 9 8
561,0 1 3 2 4 8 6 7 9 5
562,0 1 2 4 9 3 8 6 7 5
563,1 0 2 4 7 3 8 6 5 9
564,2 7 5 4 0 1 3 6 8 9
565,2 1 4 3 6 0 5 7 9 8
566,2 7 6 3 0 5 4 1 8 9
567,5 7 4 6 2 8 9 3 0 1
568,2 7 4 1 6 0 3 8 9 5
569,1 2 3 4 0 7 6 5 9 8
570,4 3 2 1 0 6 8 9 5 7
571,0 3 1 9 6 4 2 7 8 5
572,1 0 3 4 6 2 7 8 5 9
573,0 1 2 3 6 5 4 7 8 9
574,4 3 2 5 6 0 1 9 7 8
575,0 1 2 3 7 4 6 8 9 5
576,7 0 2 1 4 5 6 8 3 9
577,0 7 1 9 3 2 6 4 8 5
578,2 3 1 4 6 8 9 7 0 5
579,2 6 7 4 0 3 9 5 8 1
580,3 4 8 2 0 9 5 6 1 7
581,0 3 9 1 8 6 2 5 4 7
582,0 1 4 3 6 5 2 8 9 7
583,1 6 3 4 0 5 2 8 7 9
584,0 2 1 3 6 4 8 5 7 9
585,7 2 6 5 4 9 8 1 3 0
586,2 7 5 4 6 3 8 1 0 9
587,7 2 4 0 5 6 9 3 1 8
588,4 3 2 6 7 0 8 9 1 5
589,2 4 3 0 5 6 8 7 9 1
590,1 0 2 6 5 3 4 8 7 9
591,0 1 4 3 2 6 5 9 8 7
592,4 2 3 0 7 5 8 1 6 9
593,1 0 8 6 2 4 3 5 9 7
594,3 4 1 9 7 5 0 6 2 8
595,4 6 3 1 7 5 2 9 0 8
596,3 4 6 0 2 5 1 7 9 8
597,0 1 2 4 6 3 7 9 8 5
598,0 1 2 7 6 3 5 4 9 8
599,0 1 2 5 4 6 3 7 9 8
600,5 7 2 1 8 0 6 4 9 3
601,0 1 5 4 6 7 2 9 3 8
602,2 3 0 6 9 7 4 1 8 5
603,0 1 3 2 6 4 5 7 9 8
604,0 2 1 4 3 6 7 9 8 5
605,1 0 2 6 3 4 8 7 5 9
606,0 8 5 1 3 2 4 7 6 9
607,2 7 3 4 6 1 8 0 5 9
608,2 6 5 4 7 0 1 3 8 9
609,1 2 0 5 8 6 3 4 7 9
610,2 4 3 7 1 0 6 9 8 5
611,0 1 2 6 4 8 5 3 9 7
612,0 3 4 7 6 1 8 2 5 9
613,0 2 1 4 3 9 7 8 5 6
614,4 3 5 6 1 2 0 8 9 7
615,7 9 5 0 4 3 1 8 2 6
616,1 0 7 6 2 4 9 3 8 5
617,7 5 3 9 4 8 0 6 2 1
618,7 8 9 5 3 6 4 2 1 0
619,0 1 2 4 3 6 7 5 8 9
620,2 4 9 3 5 6 7 8 1 0
621,0 5 1 2 6 4 3 8 7 9
622,0 2 1 4 6 3 9 8 5 7
623,7 0 1 5 4 2 6 3 8 9
624,0 6 3 8 9 4 1 2 7 5
625,0 1 2 3 4 6 7 5 8 9
626,5 9 2 7 3 0 8 6 1 4
627,4 6 2 3 8 1 7 9 0 5
628,2 3 9 4 6 5 0 8 7 1
629,3 4 0 7 5 1 6 2 9 8
630,4 9 6 2 1 0 7 3 5 8
631,0 8 7 1 3 2 4 6 5 9
632,3 2 0 1 9 6 4 7 8 5
633,3 5 2 6 9 4 7 0 8 1
634,4 9 2 7 0 5 8 3 6 1
635,0 1 2 7 6 3 4 9 8 5
636,0 2 3 1 8 4 6 5 7 9
637,0 1 2 4 3 6 8 7 5 9
638,3 0 1 2 6 4 5 9 8 7
639,4 2 3 0 5 6 7 8 1 9
640,7 2 4 6 1 5 8 9 0 3
641,0 1 3 2 4 6 9 5 8 7
642,2 4 0 9 3 6 8 1 7 5
643,1 0 2 4 6 9 3 8 7 5
644,0 1 2 7 4 5 3 6 8 9
645,0 1 2 7 3 6 4 5 8 9
646,3 1 9 2 8 0 4 5 6 7
647,2 0 5 6 7 4 3 8 1 9
648,5 2 9 8 3 7 4 6 1 0
649,2 3 1 0 4 7 6 9 8 5
650,2 4 0 5 1 3 6 7 9 8
651,0 3 2 4 6 7 1 9 8 5
652,0 3 4 1 6 2 7 8 5 9
653,4 2 3 9 8 6 0 5 1 7
654,0 1 2 4 9 3 8 7 6 5
655,4 5 3 0 2 6 9 1 7 8
656,4 2 5 0 1 7 3 6 9 8
657,9 4 0 2 3 7 1 6 5 8
658,2 7 6 1 4 5 3 9 0 8
659,2 0 1 4 6 5 3 9 7 8
660,0 1 2 7 4 3 6 5 9 8
661,0 6 2 1 4 3 8 7 5 9
662,3 2 4 0 1 6 8 5 7 9
663,4 2 3 7 5 9 0 8 6 1
664,0 2 1 4 6 3 9 8 5 7
665,7 2 0 9 5 6 4 3 1 8
666,4 3 2 5 1 6 7 0 8 9
667,2 4 1 7 8 0 6 3 5 9
668,2 0 4 1 6 3 7 8 5 9
669,2 3 1 4 0 5 6 7 8 9
670,0 2 4 1 3 5 7 6 9 8
671,4 5 2 3 7 9 0 6 1 8
672,0 4 3 1 2 6 8 7 9 5
673,0 3 5 2 4 8 7 1 6 9
674,2 1 6 5 4 7 3 0 8 9
675,2 0 4 1 5 7 6 3 8 9
676,0 1 2 4 6 5 7 3 9 8
677,1 2 0 3 4 6 7 9 8 5
678,1 0 2 3 4 8 7 6 9 5
679,0 1 2 4 3 7 8 6 5 9
680,0 1 4 2 7 5 6 3 9 8
681,0 1 2 3 4 8 6 9 7 5
682,4 2 8 3 7 1 0 6 9 5
683,2 0 4 3 9 8 1 6 7 5
684,4 3 2 8 6 7 0 1 9 5
685,3 4 2 0 5 6 1 9 8 7
686,7 2 4 3 9 0 5 6 8 1
687,2 4 8 5 0 1 9 6 3 7
688,4 2 3 1 0 6 7 8 5 9
689,1 0 5 2 6 4 7 3 8 9
690,2 1 0 4 3 9 6 8 7 5
691,1 0 3 4 2 8 6 7 5 9
692,4 0 7 3 1 2 6 5 8 9
693,6 1 2 0 3 4 9 7 5 8
694,1 2 4 0 6 9 8 3 5 7
695,0 4 6 2 1 3 7 5 9 8
696,0 1 3 2 4 6 8 5 7 9
697,5 2 0 3 6 4 1 9 7 8
698,7 6 2 4 3 5 0 8 1 9
699,5 7 0 2 3 1 4 6 9 8
700,1 0 2 5 7 6 3 4 9 8
701,0 1 7 9 4 2 6 3 8 5
702,2 4 7 8 5 6 3 1 0 9
703,5 7 9 2 6 3 8 0 4 1
704,9 8 2 7 5 4 3 6 0 1
705,2 7 4 0 5 6 3 8 1 9
706,9 2 7 8 4 6 5 3 0 1
707,2 5 6 4 3 0 1 7 8 9
708,0 8 2 3 4 6 1 5 9 7
709,2 0 7 4 1 9 3 8 5 6
710,0 2 1 3 7 4 6 5 8 9
711,2 0 4 6 5 7 3 1 9 8
712,2 0 7 5 6 4 1 3 8 9
713,0 1 4 2 6 3 8 7 5 9
714,0 2 1 4 7 9 6 8 3 5
715,1 0 3 2 4 5 9 8 6 7
716,0 1 6 4 3 2 7 5 9 8
717,0 2 1 5 4 6 3 7 8 9
718,0 2 3 1 4 6 8 5 9 7
719,0 1 2 5 4 6 7 3 9 8
720,2 4 7 6 1 0 5 9 8 3
721,2 4 1 0 6 3 7 9 5 8
722,0 1 2 4 3 6 8 7 5 9
723,3 5 6 0 2 9 4 8 1 7
724,5 6 3 2 0 7 8 1 4 9
725,3 2 7 6 4 8 0 1 9 5
726,0 1 2 4 6 5 3 7 9 8
727,0 2 5 1 7 3 4 6 9 8
728,0 1 5 2 4 6 3 9 7 8
729,0 2 1 4 6 3 8 7 9 5
730,4 1 0 2 3 5 7 9 8 6
731,0 1 5 6 2 3 7 4 9 8
732,0 1 5 7 2 6 9 3 4 8
733,2 7 4 6 1 0 5 9 3 8
734,0 2 4 6 3 1 8 9 7 5
735,3 2 4 0 9 1 7 8 6 5
736,6 3 2 0 8 1 9 4 5 7
737,2 0 3 4 6 5 8 1 9 7
738,5 7 2 0 6 1 4 8 3 9
739,7 0 5 1 2 4 6 9 3 8
740,0 2 1 4 3 6 9 8 5 7
741,0 1 2 3 7 6 4 9 5 8
742,1 3 4 2 0 6 7 5 9 8
743,2 3 1 0 4 9 6 7 5 8
744,0 1 2 5 3 7 4 6 8 9
745,1 0 6 3 4 2 8 7 9 5
746,0 1 2 6 4 3 7 9 8 5
747,2 4 3 1 6 8 9 0 7 5
748,7 2 1 4 6 9 3 0 5 8
749,0 1 3 5 7 6 8 4 2 9
750,0 1 2 4 9 3 8 7 6 5
751,0 1 2 4 6 5 3 7 8 9
752,0 6 2 4 3 9 1 8 5 7
753,0 1 2 6 4 3 9 7 8 5
754,0 1 2 6 4 3 5 7 9 8
755,2 0 4 7 1 5 6 8 3 9
756,0 7 4 6 1 5 2 3 8 9
757,0 1 2 5 7 3 6 4 8 9
758,0 1 4 2 3 7 5 8 6 9
759,0 1 3 2 4 6 9 5 8 7
760,0 6 9 4 5 1 2 3 8 7
761,2 4 6 0 8 3 7 9 1 5
762,0 1 2 7 4 3 9 6 5 8
763,3 4 7 5 9 2 0 6 8 1
764,5 7 2 0 3 6 1 4 9 8
765,2 6 5 4 3 8 1 0 7 9
766,1 0 4 2 3 6 9 8 7 5
767,2 4 6 7 3 0 8 9 1 5
768,2 4 3 7 9 5 6 0 1 8
769,2 0 5 1 4 9 6 7 3 8
770,4 2 7 1 3 6 0 5 9 8
771,0 7 1 4 5 2 3 6 9 8
772,6 0 4 7 1 3 9 8 5 2
773,0 1 3 2 4 9 6 7 8 5
774,1 4 0 6 2 8 9 3 7 5
775,0 5 4 2 6 9 3 7 8 1
776,5 0 2 4 3 7 1 6 9 8
777,0 7 1 2 5 4 3 6 8 9
778,2 4 0 8 1 6 3 7 5 9
779,0 1 2 6 4 3 5 7 9 8
780,3 2 1 6 7 5 4 0 9 8
781,8 9 4 3 0 2 7 6 1 5
782,2 7 4 9 5 3 0 8 6 1
783,1 3 0 9 4 6 2 7 8 5
784,7 0 4 3 1 8 2 5 6 9
785,2 5 4 0 7 6 3 8 9 1
786,7 2 6 8 4 0 3 5 9 1
787,4 2 5 8 6 7 3 1 0 9
788,4 2 5 6 3 0 8 1 7 9
789,5 0 3 4 2 8 6 7 1 9
790,0 4 1 3 2 7 5 6 9 8
791,0 1 2 5 3 7 4 6 8 9
792,2 4 3 7 1 6 9 8 5 0
793,4 6 0 7 8 1 5 2 3 9
794,5 0 2 4 6 3 7 1 9 8
795,0 2 7 4 1 9 5 6 3 8
796,0 3 2 4 5 7 1 9 8 6
797,2 7 1 4 9 3 0 5 6 8
798,0 1 4 3 6 2 9 8 5 7
799,8 5 1 2 4 3 9 0 6 7
800,2 4 7 3 8 5 6 0 1 9
801,2 8 4 0 1 6 9 5 3 7
802,0 2 1 3 4 9 7 6 5 8
803,1 0 4 2 3 8 6 5 9 7
804,0 7 1 3 2 4 9 8 6 5
805,4 3 0 1 2 6 5 9 7 8
806,2 0 8 4 6 3 1 9 5 7
807,4 0 2 7 6 5 3 1 9 8
808,2 0 3 1 4 6 7 9 5 8
809,2 5 6 4 3 7 0 1 8 9
810,1 4 2 0 3 9 6 8 7 5
811,0 6 1 3 4 2 8 7 9 5
812,2 3 5 6 0 9 4 7 1 8
813,0 2 4 3 5 7 6 1 8 9
814,0 8 7 4 2 6 1 5 3 9
815,0 1 2 6 5 7 3 4 9 8
816,6 0 1 7 4 2 3 5 8 9
817,0 2 1 4 5 3 6 9 7 8
818,0 4 9 3 8 2 7 1 6 5
819,1 4 2 3 0 9 6 7 5 8
820,0 1 2 6 3 7 4 5 9 8
821,0 1 2 7 6 4 3 8 9 5
822,0 2 1 7 3 4 6 5 8 9
823,2 6 4 0 3 8 1 7 5 9
824,4 2 0 5 3 6 1 8 7 9
825,4 2 5 1 3 0 6 8 7 9
826,5 2 4 7 3 6 9 8 0 1
827,9 8 4 5 2 3 6 0 7 1
828,7 4 0 8 6 9 2 3 1 5
829,2 8 4 7 9 3 1 6 0 5
830,0 5 2 4 6 1 7 3 8 9
831,5 2 3 6 0 9 4 1 7 8
832,0 8 2 3 5 4 1 6 7 9
833,7 2 9 1 4 3 0 6 5 8
834,0 4 6 2 8 1 3 9 5 7
835,7 2 5 9 1 0 8 6 3 4
836,6 4 2 3 7 5 0 1 8 9
837,0 8 1 3 7 2 5 4 6 9
838,2 6 5 3 4 9 1 8 7 0
839,2 4 3 1 0 9 7 6 8 5
840,0 2 1 4 3 6 7 9 8 5
841,1 2 0 4 6 3 5 8 7 9
842,1 0 2 4 6 8 9 3 7 5
843,2 3 4 6 1 0 9 8 7 5
844,0 2 4 3 7 6 1 8 5 9
845,5 4 7 3 0 9 8 2 1 6
846,2 4 0 3 8 5 6 1 7 9
847,2 4 0 1 3 9 6 5 7 8
848,2 1 4 6 0 9 5 3 8 7
849,5 1 4 7 3 0 2 6 9 8
850,0 1 4 2 6 3 5 9 7 8
851,2 0 7 4 1 6 5 8 3 9
852,3 4 2 8 0 6 5 9 1 7
853,4 2 9 0 3 7 6 1 5 8
854,2 6 4 1 0 3 8 7 9 5
855,0 1 4 3 6 8 2 9 5 7
856,0 5 2 3 8 6 1 4 9 7
857,4 3 2 6 9 8 0 7 1 5
858,0 4 2 1 3 6 9 7 8 5
859,0 4 2 3 5 6 1 7 8 9
860,4 5 2 6 8 3 1 0 7 9
861,2 4 7 3 6 1 9 0 5 8
862,0 6 3 8 9 4 1 2 7 5
863,3 5 2 7 6 0 4 1 9 8
864,4 0 1 2 3 6 7 8 5 9
865,0 2 4 1 6 3 5 9 8 7
866,1 0 2 6 3 4 9 5 7 8
867,2 0 4 1 6 3 7 5 8 9
868,7 2 6 8 3 5 9 4 0 1
869,0 4 3 2 9 1 5 7 6 8
870,4 0 2 5 1 6 9 3 7 8
871,4 2 0 7 5 1 8 3 6 9
872,2 9 4 8 3 7 1 0 6 5
873,0 5 1 2 7 6 4 3 9 8
874,0 7 5 1 6 3 4 2 8 9
875,0 2 1 4 6 5 8 3 9 7
876,0 3 4 5 2 1 6 7 8 9
877,4 3 9 8 5 2 0 7 6 1
878,1 0 3 2 7 4 6 8 9 5
879,3 1 4 0 8 6 2 5 7 9
880,0 2 5 8 1 4 3 6 9 7
881,0 4 2 7 5 3 9 8 1 6
882,0 1 3 2 4 8 9 6 7 5
883,1 2 4 0 3 6 7 8 5 9
884,3 4 1 5 6 2 0 9 7 8
885,0 1 2 6 4 3 7 9 5 8
886,0 1 4 5 6 2 7 3 9 8
887,3 4 2 0 6 1 8 5 7 9
888,0 4 6 7 8 1 3 2 5 9
889,0 2 3 4 1 6 5 8 9 7
890,2 5 3 7 4 1 0 6 8 9
891,2 0 4 7 1 6 5 8 3 9
892,5 7 4 8 1 0 2 6 9 3
893,0 2 1 3 6 5 4 7 8 9
894,2 7 0 4 3 6 5 8 9 1
895,9 4 3 7 2 0 5 6 8 1
896,2 0 1 6 4 7 3 8 9 5
897,1 0 5 3 8 6 2 4 9 7
898,0 1 3 7 4 6 5 8 9 2
899,3 1 5 2 4 0 7 6 8 9
900,1 0 4 3 6 8 2 7 9 5
901,4 2 3 9 0 6 7 5 8 1
902,5 2 6 4 3 8 0 7 1 9
903,0 1 2 4 3 9 8 5 7 6
904,0 1 4 2 6 7 3 9 8 5
905,0 3 2 1 4 7 8 6 5 9
906,0 1 6 2 3 4 8 7 5 9
907,2 4 6 8 0 7 1 3 9 5
908,0 4 2 1 7 5 3 9 6 8
909,0 4 7 2 1 6 3 5 9 8
910,0 6 5 2 4 9 7 1 3 8
911,0 4 2 1 3 9 8 7 6 5
912,6 5 0 4 2 1 7 3 9 8
913,4 3 2 0 6 1 5 7 8 9
914,1 0 2 6 4 3 5 8 7 9
915,4 3 2 0 1 9 6 8 5 7
916,1 0 4 3 2 6 9 5 7 8
917,9 1 4 2 3 5 7 8 6 0
918,1 0 6 2 3 8 5 4 7 9
919,0 1 2 6 5 8 3 4 7 9
920,4 2 8 0 6 3 7 1 9 5
921,0 1 4 2 6 8 9 3 7 5
922,0 6 8 2 4 5 3 1 9 7
923,0 1 2 6 3 7 8 9 4 5
924,2 4 3 0 6 9 7 1 8 5
925,2 3 4 8 6 0 9 1 5 7
926,2 4 7 3 5 9 0 6 1 8
927,0 2 1 7 3 5 4 6 8 9
928,3 0 2 1 4 6 8 5 9 7
929,0 2 5 4 6 1 3 7 9 8
930,6 0 7 4 2 1 3 5 8 9
931,4 1 2 8 3 0 7 9 6 5
932,2 0 4 9 1 3 5 8 6 7
933,0 1 2 4 6 3 7 9 8 5
934,7 4 6 5 2 0 3 8 1 9
935,3 2 4 0 8 7 6 5 1 9
936,1 2 4 3 6 0 7 9 5 8
937,2 5 0 1 4 7 3 6 8 9
938,9 5 7 3 0 6 8 2 4 1
939,4 2 7 0 3 6 8 5 9 1
940,0 2 4 1 3 6 7 8 9 5
941,2 6 5 4 7 0 9 1 3 8
942,0 4 2 7 6 1 9 3 5 8
943,5 2 4 6 3 7 9 8 1 0
944,2 4 5 3 9 7 0 6 8 1
945,4 2 0 3 8 7 6 1 9 5
946,3 4 8 6 7 0 2 9 5 1
947,0 7 3 6 1 5 2 8 4 9
948,2 4 3 9 0 6 8 1 5 7
949,0 6 8 4 3 1 9 2 5 7
950,2 0 1 6 9 3 8 4 7 5
951,7 4 5 2 8 9 0 6 3 1
952,5 3 8 2 6 4 7 1 0 9
953,1 0 4 2 9 6 3 8 7 5
954,2 7 9 4 6 5 3 1 8 0
955,0 2 6 4 3 1 7 5 8 9
956,0 1 6 3 7 5 2 4 9 8
957,0 1 4 6 2 3 5 7 9 8
958,2 3 4 5 6 7 8 1 9 0
959,0 7 1 2 3 4 5 6 9 8
960,3 1 2 4 7 5 9 0 6 8
961,0 3 9 1 8 6 2 5 4 7
962,0 5 6 4 7 1 3 2 9 8
963,2 7 4 0 5 6 1 9 3 8
964,2 1 4 6 3 0 8 7 5 9
965,0 1 2 6 4 7 3 5 9 8
966,0 5 4 3 6 8 1 7 2 9
967,7 6 0 1 8 4 2 3 5 9
968,1 0 2 5 4 3 7 6 9 8
969,2 7 4 8 3 6 1 5 0 9
970,3 7 2 4 9 0 8 6 5 1
971,0 7 6 9 4 1 2 3 8 5
972,0 1 3 7 2 5 4 6 8 9
973,1 6 0 4 3 7 8 2 5 9
974,5 0 4 2 7 6 1 3 9 8
975,0 1 3 2 7 5 6 4 8 9
976,1 0 2 3 4 8 6 9 7 5
977,0 2 3 4 1 5 7 6 9 8
978,9 2 4 6 3 5 7 8 1 0
979,3 4 6 0 2 1 5 7 9 8
980,7 2 6 4 0 9 8 3 1 5
981,0 5 4 2 1 8 6 3 9 7
982,0 4 9 2 6 1 8 5 3 7
983,0 4 6 2 1 8 3 7 5 9
984,2 6 4 5 1 8 3 7 9 0
985,0 2 4 6 8 1 3 5 7 9
986,2 3 8 4 5 0 6 1 7 9
987,2 4 9 7 6 5 1 3 0 8
988,1 9 3 0 8 4 7 6 2 5
989,0 2 6 9 4 1 3 7 8 5
990,2 4 3 7 6 0 8 1 5 9
991,0 5 7 1 2 4 3 6 9 8
992,7 2 9 0 4 6 5 3 1 8
993,0 1 2 4 3 6 8 7 5 9
994,0 4 6 7 8 1 2 3 5 9
995,2 4 0 9 3 1 6 7 5 8
996,3 0 5 6 2 4 1 8 9 7
997,2 6 7 4 5 3 8 1 0 9
998,9 0 1 6 5 3 2 4 7 8
999,1 0 4 3 6 2 8 7 5 9
1000,1 0 4 3 2 8 6 5 7 9
1001,2 0 5 4 3 1 6 7 8 9
1002,7 9 8 6 5 3 2 4 0 1
1003,2 3 4 1 0 6 8 5 7 9
1004,8 4 3 1 2 9 0 6 7 5
1005,0 1 2 4 3 7 6 8 9 5
1006,1 4 2 0 3 9 7 6 8 5
1007,1 0 6 4 2 3 5 9 8 7
1008,0 2 5 8 1 4 3 6 9 7
1009,1 0 2 5 4 3 7 6 9 8
1010,0 2 1 5 6 7 4 3 8 9
1011,1 0 3 2 5 6 4 7 8 9
1012,0 2 1 4 5 3 7 6 9 8
1013,7 0 2 4 5 1 3 6 8 9
1014,4 2 0 1 6 3 7 5 9 8
1015,0 1 2 3 6 8 4 5 7 9
1016,0 5 8 3 2 1 4 9 6 7
1017,2 5 6 0 3 4 8 7 9 1
1018,0 1 2 3 5 6 4 8 7 9
1019,3 1 4 2 7 6 5 8 9 0
1020,3 0 4 2 1 6 9 8 7 5
1021,7 0 5 4 1 3 6 2 9 8
1022,2 0 6 4 8 3 1 5 9 7
1023,5 3 4 8 9 7 1 6 2 0
1024,2 0 3 1 4 6 9 7 5 8
1025,2 5 3 6 0 9 7 1 4 8
1026,9 5 7 3 0 6 8 2 4 1
1027,4 2 7 3 1 5 0 9 6 8
1028,1 2 3 6 7 0 4 9 5 8
1029,0 1 7 2 4 5 6 3 9 8
1030,0 6 2 1 3 4 5 7 8 9
1031,0 1 2 7 4 9 3 6 8 5
1032,2 6 4 3 7 8 1 9 0 5
1033,2 0 4 1 6 8 3 9 5 7
1034,4 2 3 0 8 7 6 5 9 1
1035,0 1 8 2 5 9 6 3 7 4
1036,0 1 3 2 9 4 8 7 6 5
1037,2 4 0 7 1 6 5 3 8 9
1038,4 2 3 6 9 1 7 8 0 5
1039,4 3 9 8 0 6 5 1 7 2
1040,2 0 1 5 3 7 4 6 8 9
1041,2 0 5 1 4 3 6 7 9 8
1042,8 5 2 4 0 1 7 3 9 6
1043,0 1 6 3 4 2 8 7 9 5
1044,7 5 4 8 3 2 1 9 6 0
1045,1 0 3 2 7 4 6 8 9 5
1046,7 3 8 2 4 5 9 6 1 0
1047,0 4 2 1 6 7 9 8 3 5
1048,2 0 7 4 6 3 5 8 1 9
1049,1 0 3 9 2 4 8 6 5 7
1050,2 4 7 1 5 0 6 3 9 8
1051,2 3 6 4 8 1 0 5 7 9
1052,7 2 4 3 5 8 9 6 1 0
1053,5 2 0 6 3 1 4 7 8 9
1054,8 0 1 2 9 3 6 4 7 5
1055,8 3 7 2 5 4 1 0 9 6
1056,1 0 2 4 7 3 6 9 8 5
1057,3 5 2 4 0 9 7 6 1 8
1058,0 5 3 2 6 1 7 4 9 8
1059,2 0 7 4 5 9 1 3 6 8
1060,2 6 4 0 3 5 7 1 9 8
1061,0 3 2 1 7 5 4 6 8 9
1062,0 1 2 6 8 3 4 5 7 9
1063,0 2 4 6 1 3 9 8 5 7
1064,0 5 7 6 1 8 2 4 9 3
1065,0 2 1 7 4 6 8 3 5 9
1066,2 4 0 7 3 6 9 5 8 1
1067,4 3 0 9 2 7 6 8 1 5
1068,4 2 9 7 5 3 6 0 8 1
1069,1 0 2 6 3 4 7 8 5 9
1070,8 0 5 4 2 3 9 6 7 1
1071,0 2 1 6 3 4 5 7 8 9
1072,3 7 2 4 5 8 0 6 9 1
1073,5 3 0 2 8 1 6 4 7 9
1074,2 5 7 0 4 8 3 6 1 9
1075,0 1 3 2 8 7 6 9 4 5
1076,1 0 2 3 4 6 8 7 9 5
1077,0 1 2 3 6 7 5 4 9 8
1078,7 0 4 1 3 5 8 2 6 9
1079,0 1 4 3 6 8 2 9 5 7
1080,6 4 5 2 3 7 8 0 9 1
1081,1 0 3 2 6 4 8 9 7 5
1082,2 4 6 3 5 7 1 9 0 8
1083,1 0 2 6 3 4 5 8 7 9
1084,7 1 8 3 4 0 6 9 5 2
1085,2 3 4 1 6 0 8 7 9 5
1086,2 1 6 0 4 7 3 9 8 5
1087,2 4 5 1 6 7 3 9 0 8
1088,1 0 3 5 2 6 7 9 4 8
1089,7 2 5 3 4 6 8 1 0 9
1090,0 2 1 7 6 4 5 3 8 9
1091,4 0 2 5 3 1 7 8 6 9
1092,0 1 2 3 4 6 7 5 8 9
1093,0 1 7 2 3 4 6 8 9 5
1094,4 9 2 8 3 6 7 0 1 5
1095,5 7 3 9 0 4 8 6 2 1
1096,4 2 3 7 9 8 6 0 1 5
1097,2 4 1 7 6 0 3 5 9 8
1098,4 2 6 7 3 0 1 8 9 5
1099,6 4 2 3 0 8 7 5 1 9
1100,1 0 4 2 3 7 6 9 8 5
1101,5 7 9 4 2 3 8 0 6 1
1102,7 9 2 4 3 1 0 6 5 8
1103,1 0 2 3 6 7 4 8 5 9
1104,3 4 9 0 2 7 1 6 8 5
1105,2 1 6 0 3 9 4 7 8 5
1106,0 4 5 9 6 1 7 2 3 8
1107,2 0 1 3 4 6 7 9 8 5
1108,7 5 2 3 4 6 9 0 1 8
1109,0 2 6 4 8 3 1 9 5 7
1110,3 1 2 0 4 7 9 6 8 5
1111,0 3 5 1 4 6 2 9 7 8
1112,1 0 2 4 6 8 9 3 7 5
1113,2 0 4 3 1 7 5 8 6 9
1114,9 2 7 4 5 8 3 0 6 1
1115,4 3 0 2 1 6 5 7 9 8
1116,2 0 4 5 1 6 3 9 8 7
1117,0 2 3 1 4 8 7 9 6 5
1118,0 4 7 1 2 6 3 5 9 8
1119,0 2 1 4 6 7 3 9 5 8
1120,0 7 2 4 3 1 6 5 8 9
1121,2 0 5 7 4 3 1 6 8 9
1122,0 1 4 2 6 9 8 7 3 5
1123,2 4 0 3 7 8 6 1 5 9
1124,0 7 8 5 2 4 9 3 1 6
1125,4 0 6 8 1 2 3 5 7 9
1126,0 3 2 1 6 4 8 7 5 9
1127,9 2 4 3 8 6 1 0 5 7
1128,2 4 3 7 8 6 0 9 1 5
1129,0 2 1 6 3 8 4 5 9 7
1130,0 3 1 2 6 4 5 7 8 9
1131,2 4 3 6 9 8 1 7 5 0
1132,7 2 9 5 0 6 4 1 3 8
1133,9 3 0 4 2 8 7 1 6 5
1134,7 8 0 4 1 2 3 9 5 6
1135,2 5 4 3 0 6 7 1 8 9
1136,4 2 6 1 0 7 5 9 3 8
1137,7 5 9 4 0 2 3 1 6 8
1138,4 2 0 1 5 9 3 6 7 8
1139,0 5 1 7 6 4 2 9 3 8
1140,2 4 5 0 3 1 6 7 9 8
1141,0 2 4 6 1 9 8 3 7 5
1142,0 7 5 4 2 1 6 3 9 8
1143,2 7 4 6 5 3 0 1 8 9
1144,0 4 1 3 9 5 2 6 7 8
1145,0 3 4 6 7 2 8 1 9 5
1146,0 2 1 3 4 6 7 8 5 9
1147,0 3 1 6 7 4 2 5 9 8
1148,0 2 1 5 4 9 7 3 8 6
1149,1 0 6 7 2 3 4 5 9 8
1150,6 7 2 3 4 9 5 8 0 1
1151,4 2 3 9 1 6 0 7 8 5
1152,0 2 1 3 6 4 9 8 7 5
1153,1 2 0 4 6 9 3 5 8 7
1154,0 1 2 4 6 3 5 7 9 8
1155,3 4 2 8 9 0 7 6 1 5
1156,4 2 6 3 0 1 7 8 9 5
1157,0 2 4 7 3 1 6 5 8 9
1158,5 0 2 7 3 1 6 4 9 8
1159,0 4 3 1 2 8 6 7 9 5
1160,0 1 5 2 7 4 6 3 9 8
1161,7 2 4 3 6 0 5 1 9 8
1162,2 1 4 7 0 6 3 5 9 8
1163,4 2 3 0 1 6 8 5 7 9
1164,4 7 1 6 3 2 5 0 8 9
1165,0 4 6 7 3 5 1 2 9 8
1166,2 4 1 6 8 3 7 9 0 5
1167,4 7 2 5 6 0 3 1 8 9
1168,4 2 0 3 7 6 5 1 8 9
1169,1 0 2 6 3 8 4 7 5 9
1170,0 2 3 9 1 7 6 4 5 8
1171,1 0 2 4 9 6 8 3 7 5
1172,3 9 1 2 0 4 5 6 7 8
1173,0 2 1 6 5 7 4 3 9 8
1174,2 0 3 1 4 5 7 6 9 8
1175,0 2 1 7 3 4 5 6 9 8
1176,5 9 7 3 2 6 0 4 8 1
1177,0 4 2 1 7 5 3 9 6 8
1178,2 1 3 0 6 9 8 7 5 4
1179,0 1 3 4 2 8 9 6 5 7
1180,0 9 6 4 1 7 8 5 3 2
1181,2 1 6 5 4 0 3 9 8 7
1182,0 1 2 4 5 7 6 3 9 8
1183,5 3 2 8 6 0 4 7 9 1
1184,0 4 2 6 3 1 8 9 5 7
1185,0 1 2 3 6 8 4 5 7 9
1186,2 5 4 3 9 7 6 1 0 8
1187,1 0 2 5 3 4 7 6 8 9
1188,0 4 3 2 6 1 5 8 7 9
1189,0 2 1 5 4 6 3 7 9 8
1190,1 2 3 6 4 7 0 8 9 5
1191,0 1 6 5 2 7 4 8 3 9
1192,0 2 7 9 5 3 4 1 6 8
1193,1 0 2 7 6 3 8 9 5 4
1194,2 7 4 3 6 1 5 8 9 0
1195,8 2 0 6 3 4 5 9 7 1
1196,4 2 6 5 3 9 1 0 7 8
1197,2 6 8 0 3 1 4 5 9 7
1198,0 1 5 7 2 3 9 4 8 6
1199,7 2 9 4 8 5 3 1 6 0
1200,1 0 4 2 3 6 9 8 7 5
1201,2 4 7 3 5 6 1 9 8 0
1202,7 4 5 8 9 3 2 6 1 0
1203,0 1 5 2 7 4 6 3 9 8
1204,2 3 4 0 5 9 8 7 1 6
1205,1 0 2 7 3 6 9 4 5 8
1206,0 1 2 7 6 4 3 8 9 5
1207,7 5 2 6 9 3 4 1 8 0
1208,0 1 2 4 3 6 8 9 7 5
1209,0 2 4 6 8 9 1 3 7 5
1210,8 0 2 4 9 3 6 1 7 5
1211,2 5 0 6 1 7 9 4 8 3
1212,1 0 2 4 3 6 8 5 9 7
1213,0 4 6 1 2 3 7 9 8 5
1214,1 3 0 2 9 6 4 8 7 5
1215,0 2 1 4 3 6 9 5 7 8
1216,7 0 5 1 6 2 4 3 9 8
1217,2 4 3 7 6 1 0 8 5 9
1218,0 2 7 5 4 3 6 1 8 9
1219,4 0 5 2 7 6 1 3 8 9
1220,1 3 0 2 4 6 5 7 8 9
1221,0 7 2 6 5 4 3 1 9 8
1222,0 2 3 4 9 1 8 6 7 5
1223,0 1 4 2 3 6 7 9 5 8
1224,0 1 3 4 6 2 7 8 9 5
1225,0 1 2 7 4 3 6 8 5 9
1226,1 0 7 8 2 4 3 9 5 6
1227,2 6 3 4 8 7 0 5 1 9
1228,0 4 1 2 6 3 8 5 7 9
1229,3 9 7 2 4 8 0 5 6 1
1230,4 2 6 9 3 0 7 8 1 5
1231,2 1 0 4 3 7 9 5 8 6
1232,7 4 2 1 6 3 5 9 8 0
1233,0 4 1 2 7 8 6 9 5 3
1234,2 1 4 6 3 0 7 9 8 5
1235,2 4 3 5 7 0 6 8 9 1
1236,2 4 1 6 3 0 5 8 7 9
1237,2 3 4 6 8 7 5 9 1 0
1238,0 1 2 6 7 4 3 5 9 8
1239,1 2 0 4 3 6 5 9 7 8
1240,0 2 4 3 6 1 5 8 7 9
1241,7 2 9 5 4 6 8 1 3 0
1242,1 2 7 3 0 8 4 6 9 5
1243,2 7 9 4 5 8 3 6 0 1
1244,7 5 0 1 4 8 6 9 2 3
1245,4 0 2 3 9 7 6 1 8 5
1246,5 8 3 7 4 1 9 6 2 0
1247,2 4 3 6 5 0 7 9 1 8
1248,2 6 0 3 1 7 8 4 9 5
1249,5 2 7 4 8 9 3 6 0 1
1250,2 1 0 3 5 4 7 6 8 9
1251,7 3 2 4 1 5 8 0 6 9
1252,4 3 2 9 0 7 8 1 6 5
1253,1 0 3 7 2 6 4 5 9 8
1254,2 0 1 4 6 5 7 9 3 8
1255,2 0 4 3 1 6 8 7 9 5
1256,0 2 1 4 7 5 6 3 8 9
1257,6 0 1 4 3 9 2 7 8 5
1258,2 4 1 0 6 3 7 9 8 5
1259,0 2 4 5 3 7 6 1 8 9
1260,2 3 4 9 6 5 8 0 1 7
1261,2 4 9 7 3 6 8 5 0 1
1262,4 2 5 3 6 7 1 9 0 8
1263,2 7 4 5 9 3 8 6 0 1
1264,3 4 9 8 0 1 6 2 7 5
1265,0 2 1 7 4 5 6 3 8 9
1266,2 3 4 6 8 5 0 1 9 7
1267,4 2 7 0 3 5 9 1 6 8
1268,3 9 8 5 6 0 4 7 2 1
1269,7 0 2 1 4 3 6 8 5 9
1270,0 7 6 2 5 4 3 1 9 8
1271,3 1 2 0 5 6 7 4 8 9
1272,4 2 3 5 0 6 7 8 1 9
1273,2 0 6 5 4 7 3 1 8 9
1274,5 4 1 7 0 3 2 6 8 9
1275,0 2 1 4 5 8 6 3 9 7
1276,1 2 3 4 6 0 7 8 5 9
1277,5 3 0 6 2 4 1 8 7 9
1278,0 3 2 6 7 4 8 1 5 9
1279,1 0 4 9 6 2 8 3 7 5
1280,1 0 6 4 2 3 5 9 8 7
1281,2 3 4 6 1 0 9 8 7 5
1282,2 3 5 6 4 8 7 9 0 1
1283,0 7 2 1 5 4 6 8 3 9
1284,1 0 6 3 2 5 4 9 7 8
1285,2 0 1 7 5 4 6 9 8 3
1286,0 1 6 2 7 8 4 9 5 3
1287,2 4 7 5 6 0 3 8 1 9
1288,0 1 8 4 2 3 6 9 5 7
1289,2 4 3 7 1 6 0 9 5 8
1290,9 7 8 2 4 6 5 0 3 1
1291,0 2 4 8 7 1 6 5 9 3
1292,2 4 0 3 6 1 8 7 9 5
1293,0 3 4 2 6 8 1 7 5 9
1294,6 2 4 7 1 5 3 0 8 9
1295,1 0 2 3 6 5 7 4 9 8
1296,1 0 7 2 4 6 9 5 8 3
1297,2 5 6 8 3 0 1 7 4 9
1298,4 3 2 1 5 0 6 7 8 9
1299,2 4 0 3 6 1 8 7 9 5
1300,9 0 4 2 7 8 3 5 6 1
1301,5 2 7 3 8 9 6 4 1 0
1302,0 3 4 6 2 1 8 5 9 7
1303,2 6 4 3 0 1 7 9 5 8
1304,0 1 6 7 2 4 3 5 8 9
1305,0 1 4 3 6 2 8 5 7 9
1306,2 3 7 4 9 6 0 5 8 1
1307,4 2 7 9 6 3 5 0 1 8
1308,4 2 3 0 1 6 9 7 8 5
1309,5 4 9 3 8 2 7 6 0 1
1310,2 0 4 8 3 5 6 1 9 7
1311,7 2 8 4 9 3 5 6 1 0
1312,4 0 3 2 5 7 1 6 9 8
1313,7 5 0 8 4 1 9 2 6 3
1314,2 3 9 0 4 6 7 8 5 1
1315,0 2 1 4 5 9 6 3 8 7
1316,6 2 1 8 0 3 4 7 5 9
1317,1 2 0 4 3 6 5 9 7 8
1318,0 1 2 3 4 6 5 9 7 8
1319,9 7 2 8 5 0 3 4 1 6
1320,3 4 0 2 1 6 5 8 9 7
1321,0 1 6 2 3 4 8 7 5 9
1322,7 9 2 4 3 0 5 8 1 6
1323,6 4 1 7 3 2 0 8 5 9
1324,2 5 4 3 7 6 8 1 0 9
1325,0 1 2 3 5 6 4 8 7 9
1326,3 2 4 6 7 1 9 8 0 5
1327,2 0 1 4 3 7 6 9 5 8
1328,7 4 2 0 6 3 9 1 8 5
1329,2 1 3 0 6 8 4 5 9 7
1330,5 0 7 3 1 4 8 9 2 6
1331,1 2 0 3 6 7 4 5 9 8
1332,5 4 2 3 9 7 6 8 0 1
1333,2 0 1 4 6 5 3 9 7 8
1334,2 3 6 4 5 8 7 9 0 1
1335,2 0 1 7 6 4 5 3 9 8
1336,9 2 8 4 7 5 6 1 3 0
1337,1 0 2 3 4 6 5 8 7 9
1338,2 0 3 7 5 4 6 8 1 9
1339,0 2 1 4 6 5 8 3 9 7
1340,2 0 3 4 6 7 1 5 8 9
1341,2 0 4 6 3 1 9 5 7 8
1342,1 2 0 8 6 4 3 7 9 5
1343,2 6 5 8 0 3 4 1 7 9
1344,0 1 8 7 3 6 2 4 5 9
1345,4 2 3 7 0 8 9 6 1 5
1346,2 3 6 0 4 7 1 8 9 5
1347,0 2 4 1 8 3 7 6 9 5
1348,9 7 4 0 5 2 8 3 6 1
1349,3 4 0 2 6 1 5 8 9 7
1350,0 2 4 6 5 7 1 3 9 8
1351,3 4 9 2 6 7 8 1 0 5
1352,2 0 6 9 1 4 7 5 3 8
1353,2 0 1 5 3 7 4 6 8 9
1354,3 2 4 0 9 7 1 6 5 8
1355,2 6 4 3 9 8 7 1 0 5
1356,5 4 3 2 8 1 0 6 7 9
1357,0 2 1 4 3 9 7 8 5 6
1358,1 0 2 7 9 3 6 8 4 5
1359,0 9 5 4 6 2 3 7 8 1
1360,2 3 1 4 0 6 5 7 8 9
1361,2 3 9 4 7 8 6 0 1 5
1362,2 7 4 0 5 6 3 8 9 1
1363,0 1 4 2 3 6 7 9 8 5
1364,8 4 2 3 9 7 1 5 6 0
1365,8 2 0 3 5 4 1 7 6 9
1366,0 4 2 3 8 6 7 5 1 9
1367,0 5 7 1 2 8 9 6 4 3
1368,0 1 4 6 2 3 7 5 8 9
1369,0 1 9 2 4 8 3 7 6 5
1370,0 4 1 8 3 9 6 2 7 5
1371,2 6 4 3 0 1 9 8 7 5
1372,2 7 3 4 6 5 1 8 0 9
1373,4 2 3 7 8 0 9 6 1 5
1374,2 0 7 3 8 6 1 9 4 5
1375,0 1 3 7 2 5 4 6 9 8
1376,4 5 9 1 7 3 0 2 8 6
1377,1 0 2 3 6 4 8 9 7 5
1378,7 5 9 2 4 6 1 0 8 3
1379,0 1 2 4 3 6 8 7 5 9
1380,4 0 1 6 2 7 3 8 9 5
1381,0 2 8 4 3 1 6 9 7 5
1382,0 7 2 6 4 3 5 1 9 8
1383,1 0 2 3 7 6 9 4 5 8
1384,0 7 2 5 6 9 3 1 8 4
1385,0 4 1 2 8 3 6 7 9 5
1386,4 9 0 5 2 3 8 6 7 1
1387,9 0 1 6 5 3 2 4 7 8
1388,0 4 1 2 6 3 7 9 8 5
1389,4 3 2 9 0 6 1 8 7 5
1390,0 1 2 4 3 8 7 6 5 9
1391,2 3 6 5 8 9 7 4 1 0
1392,0 1 2 4 3 6 7 5 9 8
1393,0 1 6 2 3 8 4 7 9 5
1394,4 2 3 6 0 5 8 7 9 1
1395,0 1 7 4 2 5 6 9 3 8
1396,0 8 4 5 2 3 7 6 1 9
1397,0 2 1 8 6 4 3 5 9 7
1398,5 3 2 4 8 6 7 9 1 0
1399,2 6 1 7 4 8 3 9 5 0
1400,0 2 4 5 7 6 1 3 9 8
1401,9 8 3 4 1 0 2 7 6 5
1402,4 2 3 9 6 5 8 7 1 0
1403,3 4 2 9 6 8 1 0 7 5
1404,0 1 4 6 2 5 7 3 8 9
1405,2 3 1 4 7 9 6 8 0 5
1406,3 2 9 4 7 0 5 8 6 1
1407,0 2 6 1 5 3 4 8 7 9
1408,1 0 2 3 4 6 8 7 9 5
1409,2 6 4 0 1 7 3 9 8 5
1410,6 4 2 3 1 0 7 5 8 9
1411,3 4 8 2 6 1 9 0 7 5
1412,0 2 1 3 4 9 8 6 7 5
1413,4 0 1 2 3 7 6 5 9 8
1414,0 7 6 1 4 2 3 9 5 8
1415,0 7 5 1 6 2 4 9 3 8
1416,0 5 4 1 2 3 7 6 9 8
1417,0 2 1 7 3 4 5 6 9 8
1418,1 4 2 3 0 9 6 7 5 8
1419,7 5 6 9 2 4 3 8 1 0
1420,0 1 2 4 7 5 6 9 3 8
1421,0 6 8 2 4 5 3 1 9 7
1422,5 4 7 3 2 9 8 0 6 1
1423,0 6 1 2 3 8 4 5 7 9
1424,5 7 2 8 4 3 6 0 9 1
1425,9 7 8 5 2 0 6 3 4 1
1426,5 9 3 7 2 6 8 4 0 1
1427,0 1 2 8 4 3 6 9 7 5
1428,2 4 6 0 3 5 8 7 9 1
1429,2 1 0 4 3 8 5 7 9 6
1430,7 0 5 6 4 9 2 1 3 8
1431,2 6 4 5 7 0 3 1 9 8
1432,9 2 7 4 0 8 3 6 1 5
1433,5 0 9 3 4 2 6 7 8 1
1434,0 3 2 6 1 8 4 9 5 7
1435,0 3 5 1 8 2 9 4 7 6
1436,2 1 5 7 6 0 4 3 9 8
1437,1 0 2 5 4 6 9 7 3 8
1438,1 0 4 2 3 8 6 9 7 5
1439,9 4 7 5 8 2 0 3 6 1
1440,2 0 3 1 4 8 6 9 7 5
1441,0 1 3 6 2 4 7 9 8 5
1442,1 0 4 2 3 6 9 8 7 5
1443,0 1 4 2 3 9 6 8 7 5
1444,0 1 3 2 6 8 4 9 7 5
1445,0 7 2 5 4 3 6 1 8 9
1446,1 0 6 4 2 3 7 5 8 9
1447,1 0 6 5 2 7 3 4 9 8
1448,4 6 3 2 5 0 1 8 7 9
1449,0 7 1 6 4 3 8 2 5 9
1450,2 0 1 3 4 8 6 7 9 5
1451,0 1 4 3 6 2 9 8 7 5
1452,7 9 2 4 3 6 0 8 5 1
1453,1 4 2 7 0 5 3 6 8 9
1454,0 8 4 1 3 6 2 5 7 9
1455,0 7 2 4 5 3 6 1 8 9
1456,2 1 4 3 6 0 9 7 5 8
1457,3 4 5 2 0 8 9 6 1 7
1458,4 2 3 6 0 8 7 5 1 9
1459,0 8 1 3 6 2 4 5 7 9
1460,0 1 2 4 9 3 8 6 7 5
1461,7 5 3 2 4 0 6 1 8 9
1462,3 4 2 1 8 6 0 5 7 9
1463,5 3 9 7 8 4 2 0 6 1
1464,1 0 2 3 4 6 9 5 8 7
1465,6 5 4 3 2 0 1 7 9 8
1466,0 2 1 8 3 6 5 4 9 7
1467,2 7 6 5 0 3 9 4 8 1
1468,0 1 2 3 4 6 8 9 5 7
1469,1 0 2 6 3 4 7 5 8 9
1470,5 7 2 4 3 1 9 0 6 8
1471,7 2 4 1 3 8 9 5 6 0
1472,0 1 2 3 4 8 6 9 7 5
1473,4 2 3 0 6 1 7 8 9 5
1474,2 1 0 4 6 3 8 5 7 9
1475,1 3 2 0 9 4 6 7 8 5
1476,7 4 2 3 6 0 1 9 5 8
1477,4 2 5 6 3 0 9 1 7 8
1478,0 8 2 3 4 1 6 9 7 5
1479,0 2 4 1 6 8 3 7 5 9
1480,0 2 3 1 4 6 8 5 9 7
1481,9 4 2 8 0 7 3 6 5 1
1482,0 1 2 3 6 7 4 5 9 8
1483,0 1 2 4 8 6 9 3 5 7
1484,2 4 0 6 1 3 9 5 7 8
1485,2 4 8 3 7 0 9 6 1 5
1486,6 0 2 4 1 7 3 5 8 9
1487,0 4 3 2 6 8 5 1 9 7
1488,1 0 3 6 5 2 4 7 8 9
1489,2 4 6 0 3 1 9 7 8 5
1490,3 2 4 1 6 0 8 9 7 5
1491,0 5 6 4 2 7 1 3 8 9
1492,0 2 1 7 3 4 6 5 8 9
1493,0 1 4 3 2 6 5 7 8 9
1494,2 0 1 4 3 9 6 7 8 5
1495,9 6 8 0 3 4 2 7 1 5
1496,0 4 3 1 2 8 6 9 7 5
1497,0 2 4 6 1 7 3 5 8 9
1498,0 2 1 4 6 3 8 7 9 5
1499,0 4 2 1 5 9 7 6 3 8
1500,0 2 1 4 3 6 5 7 9 8
1501,4 0 2 8 3 6 1 5 7 9
1502,9 4 6 2 7 8 3 1 0 5
1503,0 1 5 2 3 4 7 6 9 8
1504,2 4 0 6 1 5 9 3 8 7
1505,0 4 1 3 2 5 6 8 9 7
1506,1 0 6 2 3 8 5 4 7 9
1507,0 6 1 4 7 2 3 8 9 5
1508,2 0 3 5 4 6 1 7 8 9
1509,3 9 2 7 0 8 4 5 6 1
1510,5 3 0 1 4 6 7 2 9 8
1511,0 1 2 7 4 6 5 3 8 9
1512,0 1 2 3 4 6 8 5 7 9
1513,2 0 1 7 5 4 6 3 8 9
1514,0 1 5 2 4 6 7 3 8 9
1515,1 0 6 2 3 8 4 5 7 9
1516,7 4 8 3 6 2 9 5 1 0
1517,3 2 6 0 4 1 5 7 8 9
1518,2 4 0 3 9 1 5 6 7 8
1519,1 0 3 2 4 5 9 8 6 7
1520,0 2 3 4 5 6 1 8 7 9
1521,3 4 5 7 2 1 8 0 9 6
1522,1 3 6 5 2 4 7 0 8 9
1523,0 2 7 1 4 5 6 3 8 9
1524,1 3 0 2 4 9 8 7 6 5
1525,2 3 1 4 7 6 0 5 9 8
1526,0 1 7 3 9 2 8 6 4 5
1527,1 2 4 3 6 0 8 9 5 7
1528,0 1 3 2 7 5 6 4 9 8
1529,4 2 3 1 7 6 9 0 5 8
1530,5 8 3 2 9 0 4 7 1 6
1531,6 4 2 5 7 9 3 1 0 8
1532,4 2 3 5 6 9 0 8 1 7
1533,1 0 2 3 6 4 8 7 5 9
1534,1 0 4 2 6 8 3 9 7 5
1535,0 1 7 6 2 4 3 8 9 5
1536,0 2 4 6 1 3 5 8 7 9
1537,4 3 0 2 8 1 9 6 5 7
1538,0 2 1 6 3 8 7 4 5 9
1539,5 7 9 8 4 2 3 6 1 0
1540,0 1 2 6 4 8 3 5 7 9
1541,0 1 2 6 4 8 3 5 7 9
1542,0 4 1 3 9 2 8 6 7 5
1543,2 3 0 4 6 5 8 9 7 1
1544,0 2 4 3 1 6 7 5 8 9
1545,0 2 9 4 7 3 1 5 6 8
1546,4 2 3 7 6 1 0 9 5 8
1547,0 7 5 1 6 2 4 3 9 8
1548,5 0 4 3 6 1 7 2 8 9
1549,1 6 4 2 7 5 3 8 9 0
1550,4 9 2 0 3 8 6 5 1 7
1551,0 1 7 6 9 4 2 5 3 8
1552,0 1 3 5 2 7 6 4 9 8
1553,7 4 9 5 3 2 1 6 0 8
1554,0 1 4 3 2 5 7 6 9 8
1555,0 5 2 6 4 3 7 1 9 8
1556,0 1 7 6 2 4 3 8 9 5
1557,2 0 1 4 3 5 7 9 6 8
1558,2 4 0 7 1 8 6 3 9 5
1559,2 7 6 3 4 0 8 5 1 9
1560,8 0 3 6 9 4 2 5 1 7
1561,1 0 2 7 6 3 8 9 5 4
1562,7 1 4 2 5 0 9 8 3 6
1563,0 1 2 4 9 6 3 7 8 5
1564,0 1 2 4 6 5 3 7 8 9
1565,2 4 0 7 6 1 5 3 8 9
1566,3 2 4 0 9 8 1 7 6 5
1567,4 2 6 3 5 0 7 8 1 9
1568,0 1 2 3 4 9 8 6 7 5
1569,0 1 2 3 7 4 6 8 9 5
1570,1 0 2 9 4 6 3 7 8 5
1571,2 3 4 8 6 0 1 5 7 9
1572,1 0 2 4 7 3 6 8 9 5
1573,2 5 4 0 7 1 6 8 3 9
1574,2 0 6 9 1 4 7 5 3 8
1575,0 4 6 2 1 5 8 3 9 7
1576,3 5 4 9 2 7 0 1 6 8
1577,2 6 4 3 7 1 8 0 5 9
1578,0 3 2 6 7 4 8 1 5 9
1579,2 1 3 4 0 6 8 7 9 5
1580,1 0 4 2 6 3 7 8 9 5
1581,2 0 5 1 3 4 7 9 6 8
1582,9 2 4 8 5 7 0 3 6 1
1583,7 5 2 4 1 3 9 0 6 8
1584,4 2 3 8 6 9 0 1 7 5
1585,4 2 3 6 9 7 8 1 5 0
1586,0 1 2 6 4 8 3 5 7 9
1587,0 2 1 3 4 6 7 9 8 5
1588,4 2 3 6 1 0 8 9 5 7
1589,2 4 7 6 5 0 3 8 1 9
1590,0 2 6 3 4 8 1 7 9 5
1591,1 0 2 9 4 6 3 8 7 5
1592,2 9 4 3 5 6 0 1 8 7
1593,5 7 0 4 8 1 2 9 6 3
1594,4 2 5 3 6 9 0 8 1 7
1595,0 1 2 7 4 3 6 8 5 9
1596,5 7 2 6 3 9 1 4 8 0
1597,1 3 2 0 6 5 4 8 9 7
1598,1 0 2 4 3 6 9 7 8 5
1599,5 6 4 0 9 3 7 8 2 1
1600,0 1 2 4 5 7 3 6 9 8
1601,1 0 2 3 7 8 9 4 6 5
1602,0 2 4 1 6 3 5 7 9 8
1603,1 3 4 9 0 6 8 2 7 5
1604,2 0 4 9 1 8 3 6 7 5
1605,5 2 0 3 9 1 7 4 8 6
1606,1 3 0 2 4 6 5 7 8 9
1607,0 2 1 5 4 6 3 7 8 9
1608,2 4 0 6 8 3 1 9 7 5
1609,0 1 6 2 4 8 3 9 7 5
1610,1 0 2 6 5 3 4 7 8 9
1611,4 9 2 0 3 8 6 5 1 7
1612,2 5 6 3 7 4 8 1 0 9
1613,0 2 1 4 6 3 9 8 5 7
1614,0 1 3 9 5 4 6 2 8 7
1615,7 9 0 8 4 3 5 1 2 6
1616,0 2 4 1 3 6 7 8 9 5
1617,0 2 5 6 4 7 3 1 8 9
1618,0 2 4 3 7 6 1 8 5 9
1619,2 9 7 5 0 1 4 3 8 6
1620,7 0 1 6 3 4 2 8 9 5
1621,4 2 7 6 3 9 0 5 8 1
1622,2 0 5 4 7 3 9 1 6 8
1623,0 4 2 7 5 1 6 3 9 8
1624,0 4 2 1 7 3 8 5 6 9
1625,4 2 8 0 1 5 3 6 9 7
1626,0 1 7 2 4 6 3 5 9 8
1627,0 3 9 1 2 4 7 6 8 5
1628,2 1 4 0 3 9 6 8 7 5
1629,0 2 4 3 1 7 5 8 6 9
1630,0 1 2 4 3 9 6 8 5 7
1631,0 7 6 2 3 4 1 9 5 8
1632,0 3 4 1 2 6 9 8 7 5
1633,0 2 8 4 3 1 6 9 7 5
1634,0 2 3 4 1 8 6 5 9 7
1635,4 6 3 2 9 8 0 7 1 5
1636,0 1 2 6 3 4 7 5 8 9
1637,4 2 5 3 6 7 0 1 9 8
1638,5 4 9 2 3 7 8 1 6 0
1639,0 2 4 1 8 3 7 6 9 5
1640,0 6 4 2 3 1 5 8 9 7
1641,7 1 6 0 4 3 5 8 2 9
1642,0 6 1 3 4 2 8 7 9 5
1643,8 2 3 7 9 5 4 0 6 1
1644,1 0 3 6 8 2 7 4 9 5
1645,7 5 2 4 0 6 9 8 3 1
1646,8 4 9 3 7 0 6 1 2 5
1647,0 1 6 4 5 7 3 2 9 8
1648,1 0 2 3 6 5 7 4 9 8
1649,0 3 4 6 1 5 2 7 8 9
1650,2 0 1 7 3 4 5 6 9 8
1651,0 1 3 2 4 8 9 5 6 7
1652,4 3 2 8 9 0 5 6 1 7
1653,7 6 2 4 9 3 1 5 8 0
1654,7 4 2 3 6 9 5 0 1 8
1655,0 3 4 2 8 1 7 6 9 5
1656,3 4 7 2 8 6 1 0 9 5
1657,4 2 3 7 1 8 6 9 0 5
1658,2 4 3 0 9 7 6 1 5 8
1659,0 1 2 3 7 6 4 5 9 8
1660,7 4 3 8 1 2 0 6 5 9
1661,0 1 2 3 7 6 4 9 5 8
1662,1 0 6 4 2 7 5 3 8 9
1663,3 1 2 0 5 6 7 4 8 9
1664,5 4 3 7 9 2 0 6 8 1
1665,4 7 3 1 5 6 9 0 2 8
1666,4 2 3 7 5 9 0 8 6 1
1667,0 1 4 6 9 3 8 2 7 5
1668,7 5 9 2 4 6 1 3 8 0
1669,2 0 8 4 3 7 6 1 5 9
1670,0 2 4 3 6 5 1 8 7 9
1671,7 2 9 6 4 3 8 1 5 0
1672,0 4 7 2 3 6 5 1 9 8
1673,2 4 3 0 8 1 6 9 5 7
1674,1 0 4 2 3 6 5 8 9 7
1675,0 1 2 4 6 5 7 3 9 8
1676,0 1 3 2 6 4 7 9 8 5
1677,2 7 3 9 4 1 6 0 8 5
1678,0 1 2 4 3 7 5 6 8 9
1679,0 4 2 9 6 3 7 1 8 5
1680,0 8 7 4 6 9 3 2 1 5
1681,0 5 8 4 3 6 9 7 2 1
1682,4 2 3 0 9 6 8 7 1 5
1683,0 6 4 2 3 1 5 8 9 7
1684,0 2 4 1 6 3 5 8 9 7
1685,7 9 2 4 6 3 8 0 5 1
1686,7 5 2 9 6 4 3 0 8 1
1687,1 3 0 9 4 6 2 7 8 5
1688,2 7 4 3 6 0 8 9 5 1
1689,5 2 4 7 0 6 1 3 9 8
1690,2 3 0 1 4 6 7 8 5 9
1691,4 3 0 1 9 2 6 5 7 8
1692,0 6 3 2 1 4 7 8 9 5
1693,3 9 8 5 6 0 4 7 2 1
1694,0 8 3 4 9 1 7 2 6 5
1695,0 4 2 3 6 1 9 5 8 7
1696,4 0 2 3 9 7 6 1 8 5
1697,0 7 2 6 9 8 4 1 3 5
1698,0 2 4 8 7 1 6 5 9 3
1699,0 1 2 6 4 3 7 8 5 9
1700,0 2 1 3 6 5 4 7 8 9
1701,2 3 7 5 4 9 0 8 6 1
1702,3 4 7 8 6 5 1 9 2 0
1703,1 0 4 6 3 2 7 5 9 8
1704,2 0 5 4 9 1 7 8 6 3
1705,0 1 5 2 3 4 7 6 9 8
1706,0 2 4 5 1 7 6 3 8 9
1707,0 2 1 4 6 3 5 7 9 8
1708,2 6 4 3 7 8 1 9 0 5
1709,2 0 4 6 1 9 7 3 5 8
1710,2 6 3 1 0 9 8 4 5 7
1711,1 4 8 2 0 6 9 7 3 5
1712,4 2 7 3 6 0 1 9 5 8
1713,2 9 4 7 3 6 5 1 8 0
1714,0 5 1 2 7 4 6 3 8 9
1715,2 4 0 1 7 9 6 3 5 8
1716,2 6 7 0 4 9 3 8 1 5
1717,0 3 2 1 6 8 4 7 9 5
1718,1 0 2 7 4 3 6 5 8 9
1719,0 1 2 6 9 7 3 4 8 5
1720,0 5 1 2 7 4 6 3 8 9
1721,4 9 2 3 7 0 6 1 8 5
1722,0 1 2 6 5 8 3 4 7 9
1723,6 0 2 5 4 7 8 1 3 9
1724,0 1 4 2 6 3 5 9 7 8
1725,7 1 6 0 4 3 5 8 2 9
1726,1 0 2 3 7 8 9 4 6 5
1727,1 2 0 4 6 3 8 9 5 7
1728,3 4 2 5 0 6 9 1 8 7
1729,0 2 9 8 7 4 6 3 5 1
1730,2 1 0 4 3 7 9 5 8 6
1731,2 7 4 6 3 5 9 1 8 0
1732,0 2 4 1 3 7 5 6 9 8
1733,0 6 1 2 3 8 4 5 9 7
1734,0 5 7 1 2 4 6 3 8 9
1735,2 8 6 3 1 7 4 0 9 5
1736,0 1 6 3 7 5 2 4 9 8
1737,1 2 4 3 7 0 6 8 5 9
1738,7 2 6 4 3 9 8 1 5 0
1739,3 1 0 4 6 2 9 7 8 5
1740,0 7 3 9 2 4 6 8 1 5
1741,2 4 1 3 6 7 0 9 5 8
1742,0 7 1 2 4 9 6 5 3 8
1743,2 7 5 4 0 1 3 6 9 8
1744,0 3 4 6 1 2 9 8 7 5
1745,2 3 1 6 4 0 9 8 7 5
1746,1 0 2 6 3 7 4 8 9 5
1747,1 0 3 2 6 4 8 5 9 7
1748,4 3 0 7 1 2 6 9 8 5
1749,9 7 3 4 2 8 6 5 1 0
1750,2 0 7 3 5 4 9 1 6 8
1751,2 0 4 3 1 6 9 8 5 7
1752,0 2 4 1 3 6 7 8 9 5
1753,0 1 9 5 3 2 4 6 7 8
1754,3 0 4 9 2 6 7 8 1 5
1755,2 0 1 9 3 4 6 7 8 5
1756,0 1 2 3 6 7 8 5 4 9
1757,0 3 5 1 8 2 9 4 7 6
1758,0 1 2 5 3 6 7 4 8 9
1759,0 2 1 4 3 6 7 9 8 5
1760,7 2 5 4 3 9 6 8 0 1
1761,0 4 1 2 5 3 6 8 9 7
1762,4 2 7 0 6 5 8 9 3 1
1763,2 4 0 5 9 1 8 6 3 7
1764,3 4 8 2 6 1 7 0 5 9
1765,5 7 9 6 3 2 8 1 4 0
1766,2 4 3 1 0 9 7 6 8 5
1767,0 2 1 4 6 3 5 9 8 7
1768,2 0 4 1 9 6 7 8 3 5
1769,0 2 1 3 4 6 7 8 5 9
1770,4 5 3 2 0 6 7 9 1 8
1771,0 1 4 2 6 7 3 9 8 5
1772,2 1 3 7 6 9 4 8 0 5
1773,1 0 8 6 2 4 3 5 9 7
1774,4 2 7 9 6 3 5 0 1 8
1775,2 5 4 6 7 8 9 3 0 1
1776,0 9 5 4 6 2 3 7 8 1
1777,4 3 8 7 0 6 2 9 5 1
1778,0 7 5 4 6 1 2 9 3 8
1779,2 3 4 7 6 1 0 9 8 5
1780,1 0 2 9 5 7 3 4 6 8
1781,4 2 3 5 0 7 1 6 8 9
1782,0 5 7 3 4 2 8 1 6 9
1783,0 6 4 5 2 3 1 7 9 8
1784,2 4 3 6 1 0 5 9 7 8
1785,5 7 2 3 1 4 0 6 8 9
1786,0 1 3 2 7 5 6 4 8 9
1787,2 0 6 1 4 3 9 8 7 5
1788,4 3 2 1 0 7 9 8 6 5
1789,2 0 4 1 3 6 8 9 5 7
1790,0 1 3 2 6 4 5 7 8 9
1791,0 2 4 3 1 6 7 5 8 9
1792,7 2 4 9 6 3 0 5 1 8
1793,0 1 4 3 6 5 2 8 9 7
1794,0 4 2 6 5 1 9 7 3 8
1795,4 9 2 3 0 8 7 6 1 5
1796,1 0 3 2 6 4 9 8 7 5
1797,0 1 3 2 7 5 6 4 9 8
1798,2 4 3 1 7 6 9 0 5 8
1799,5 3 2 7 4 6 0 1 8 9
1800,7 4 3 2 5 6 8 0 9 1
1801,2 5 3 0 7 4 1 6 8 9
1802,7 2 6 8 3 5 9 4 0 1
1803,0 3 9 1 2 4 7 6 8 5
1804,1 0 3 2 4 6 8 7 9 5
1805,0 2 1 3 7 4 9 6 5 8
1806,0 1 5 2 7 6 4 8 3 9
1807,0 1 5 2 3 4 6 7 9 8
1808,5 0 4 9 7 6 8 3 2 1
1809,5 3 2 7 4 8 9 6 0 1
1810,0 1 2 4 6 8 3 9 5 7
1811,0 4 2 1 3 9 6 7 8 5
1812,2 4 3 7 8 6 9 1 0 5
1813,0 4 8 2 3 6 7 9 1 5
1814,2 4 7 0 5 3 6 1 9 8
1815,2 7 4 3 8 1 6 5 9 0
1816,0 8 1 7 3 5 4 6 9 2
1817,2 6 4 0 3 7 9 1 5 8
1818,0 6 4 2 1 3 7 5 8 9
1819,2 7 4 5 3 6 0 1 8 9
1820,2 6 0 3 4 7 5 1 9 8
1821,0 3 9 1 8 6 2 5 4 7
1822,2 5 3 9 1 7 4 0 6 8
1823,4 5 2 0 7 6 1 3 8 9
1824,0 4 6 9 5 2 3 7 8 1
1825,0 2 4 5 3 7 6 1 8 9
1826,0 1 3 2 4 9 6 7 8 5
1827,0 4 6 1 3 9 5 2 8 7
1828,2 4 7 0 6 3 8 5 1 9
1829,0 2 3 6 1 4 8 5 9 7
1830,0 7 4 6 8 2 5 3 1 9
1831,2 3 8 0 5 6 4 7 1 9
1832,0 2 1 6 5 4 7 8 3 9
1833,2 6 1 4 7 8 0 3 9 5
1834,1 0 2 6 5 3 4 8 7 9
1835,1 0 3 2 4 6 7 8 5 9
1836,3 1 7 5 0 8 2 6 4 9
1837,0 1 4 2 7 3 9 5 6 8
1838,4 2 6 8 3 0 9 7 1 5
1839,9 2 6 7 4 5 1 0 3 8
1840,2 0 4 1 7 5 3 6 9 8
1841,0 1 5 3 2 4 6 9 7 8
1842,0 4 3 2 8 6 1 7 5 9
1843,0 1 2 4 9 3 8 7 6 5
1844,0 1 2 3 6 9 7 8 4 5
1845,1 6 0 8 2 4 3 9 7 5
1846,2 7 3 5 6 4 1 0 8 9
1847,0 2 3 8 1 4 5 6 7 9
1848,9 8 0 2 4 3 7 6 1 5
1849,1 0 2 4 9 6 8 3 7 5
1850,0 2 4 1 3 7 5 6 9 8
1851,4 2 6 3 9 7 8 0 5 1
1852,0 1 3 4 2 6 8 5 7 9
1853,1 2 0 4 6 3 9 7 8 5
1854,4 2 5 3 0 9 1 6 7 8
1855,2 3 4 0 1 6 8 9 7 5
1856,2 0 3 6 4 5 1 7 8 9
1857,1 0 3 4 6 2 8 9 7 5
1858,0 2 1 4 3 6 9 5 7 8
1859,4 2 6 3 5 0 7 8 1 9
1860,2 1 0 6 3 4 7 8 9 5
1861,0 1 7 6 2 4 3 8 9 5
1862,5 8 3 2 0 6 4 7 1 9
1863,2 6 3 0 9 5 4 7 1 8
1864,0 6 8 4 3 1 9 2 5 7
1865,0 1 2 4 3 6 8 7 5 9
1866,0 4 1 3 6 2 7 5 9 8
1867,1 0 2 4 7 3 5 8 6 9
1868,4 0 1 3 2 9 6 7 8 5
1869,0 1 6 3 4 2 8 9 7 5
1870,4 2 6 7 5 1 0 3 9 8
1871,2 7 3 4 8 9 1 5 6 0
1872,0 7 2 1 5 3 4 8 9 6
1873,4 2 5 8 6 3 7 9 0 1
1874,1 0 7 3 2 9 4 6 5 8
1875,0 1 5 2 4 6 7 3 8 9
1876,4 0 2 3 5 1 6 7 9 8
1877,2 7 4 5 9 3 6 1 0 8
1878,0 1 2 3 9 6 7 8 4 5
1879,4 2 8 5 3 7 0 1 9 6
1880,4 2 3 6 1 0 7 5 9 8
1881,1 0 6 2 8 3 4 7 9 5
1882,0 1 2 6 4 3 8 9 7 5
1883,4 3 2 1 9 0 8 5 7 6
1884,3 9 4 2 5 8 6 0 7 1
1885,2 0 1 3 7 5 6 8 4 9
1886,0 2 3 9 1 7 6 4 5 8
1887,1 2 0 4 6 7 3 9 8 5
1888,7 2 6 3 8 4 9 5 1 0
1889,3 9 8 4 0 2 6 7 1 5
1890,5 4 7 3 0 2 6 1 8 9
1891,2 7 6 0 4 5 1 9 3 8
1892,3 4 1 5 0 6 8 2 7 9
1893,0 1 2 6 4 7 3 8 9 5
1894,0 6 2 1 4 3 8 7 5 9
1895,0 3 1 2 6 4 5 8 7 9
1896,0 2 1 4 3 9 6 8 7 5
1897,0 2 3 4 1 5 7 6 9 8
1898,1 2 4 3 0 7 6 9 8 5
1899,0 5 3 4 7 1 6 9 2 8
1900,1 0 2 6 3 4 5 8 7 9
1901,0 1 2 6 4 7 5 8 3 9
1902,2 0 5 4 3 7 6 9 8 1
1903,9 0 6 4 2 3 1 8 5 7
1904,2 1 4 3 0 8 6 7 5 9
1905,2 3 7 0 1 4 6 8 5 9
1906,7 2 6 3 5 9 8 4 0 1
1907,2 6 4 7 5 3 0 1 8 9
1908,4 2 3 9 8 6 5 1 7 0
1909,0 1 2 5 7 3 4 6 9 8
1910,4 8 2 3 0 1 6 5 7 9
1911,0 2 1 4 6 3 7 5 8 9
1912,2 0 3 6 5 8 7 4 1 9
1913,1 4 6 2 3 9 7 8 0 5
1914,0 1 6 2 7 4 5 3 8 9
1915,0 3 4 2 9 7 1 6 8 5
1916,0 3 4 5 6 9 7 2 1 8
1917,0 1 2 3 4 7 6 8 9 5
1918,0 2 4 1 6 8 3 7 5 9
1919,0 1 2 4 9 6 7 8 3 5
1920,0 1 2 3 8 4 9 6 7 5
1921,0 2 4 9 3 6 1 5 7 8
1922,0 1 2 3 4 8 6 9 7 5
1923,4 2 0 5 3 6 1 7 8 9
1924,1 0 2 3 4 9 7 6 8 5
1925,4 5 0 3 2 7 1 6 8 9
1926,3 2 0 1 7 6 5 4 8 9
1927,7 2 8 4 9 1 6 5 3 0
1928,1 0 4 2 6 7 3 9 5 8
1929,1 0 7 2 4 6 3 8 5 9
1930,0 1 2 6 3 4 7 5 8 9
1931,8 0 1 2 9 3 6 4 7 5
1932,0 1 2 6 3 9 8 4 7 5
1933,2 6 0 4 3 8 1 7 5 9
1934,0 2 4 3 5 1 7 6 8 9
1935,0 2 4 6 3 1 8 9 7 5
1936,4 3 8 5 6 7 1 0 2 9
1937,2 4 1 0 7 3 6 5 9 8
1938,2 4 7 0 1 6 3 9 5 8
1939,0 2 4 1 6 3 5 8 9 7
1940,9 4 5 3 6 7 2 8 0 1
1941,2 1 0 3 5 4 7 6 8 9
1942,1 0 6 2 7 3 4 5 9 8
1943,1 3 2 4 7 8 9 6 5 0
1944,7 5 0 4 8 1 3 6 9 2
1945,4 0 3 2 6 1 9 8 7 5
1946,0 4 2 3 6 1 5 8 9 7
1947,5 2 3 4 8 0 6 1 7 9
1948,5 2 4 7 0 3 1 8 9 6
1949,0 1 2 3 4 8 7 9 6 5
1950,0 4 1 6 2 8 3 5 7 9
1951,0 1 8 4 9 2 6 7 3 5
1952,1 4 2 8 0 3 6 7 9 5
1953,0 4 6 2 8 1 3 9 5 7
1954,2 1 9 0 4 3 6 8 5 7
1955,4 3 2 6 0 8 9 1 5 7
1956,0 1 3 2 6 4 5 7 9 8
1957,0 7 2 4 5 3 6 1 8 9
1958,2 5 6 0 3 4 8 7 9 1
1959,0 2 3 4 5 7 1 8 6 9
1960,2 6 4 0 3 1 8 5 7 9
1961,0 1 2 6 3 9 8 4 7 5
1962,2 0 7 4 3 1 6 8 9 5
1963,1 6 0 2 3 4 7 8 5 9
1964,0 6 7 1 4 3 2 5 8 9
1965,0 1 7 2 4 5 6 3 9 8
